觀測月份,觀測站,當月資料缺漏超過1日,降雨量
"2023-03","麥寮合作社","","9.5"
"2023-02","麥寮合作社","","7.5"
"2023-01","麥寮合作社","","4.5"
"2022-12","麥寮合作社","","12"
"2022-11","麥寮合作社","","3.5"
"2022-10","麥寮合作社","","5"
"2022-09","麥寮合作社","","13"
"2022-08","麥寮合作社","","151"
"2022-07","麥寮合作社","","31.5"
"2022-06","麥寮合作社","","207"
"2022-05","麥寮合作社","","263.5"
"2022-04","麥寮合作社","","17.5"
"2022-03","麥寮合作社","","94"
"2022-02","麥寮合作社","","76.5"
"2022-01","麥寮合作社","","23.5"
"2021-12","麥寮合作社","","16"
"2021-11","麥寮合作社","","5.5"
"2021-10","麥寮合作社","","6"
"2021-09","麥寮合作社","","10"
"2021-08","麥寮合作社","","528.5"
"2021-07","麥寮合作社","","71.5"
"2021-06","麥寮合作社","","412"
"2021-05","麥寮合作社","","68.9"
"2021-04","麥寮合作社","","39"
"2021-03","麥寮合作社","","8.5"
"2021-02","麥寮合作社","","28"
"2021-01","麥寮合作社","","0.5"
"2020-12","麥寮合作社","","無資料"
"2020-11","麥寮合作社","","無資料"
"2023-03","鳳山農試所","","0"
"2023-02","鳳山農試所","","0"
"2023-01","鳳山農試所","","0"
"2022-12","鳳山農試所","","16"
"2022-11","鳳山農試所","","0"
"2022-10","鳳山農試所","","28"
"2022-09","鳳山農試所","","65"
"2022-08","鳳山農試所","","168"
"2022-07","鳳山農試所","","136.5"
"2022-06","鳳山農試所","","151"
"2022-05","鳳山農試所","","343"
"2022-04","鳳山農試所","","1"
"2022-03","鳳山農試所","","26"
"2022-02","鳳山農試所","","20.5"
"2022-01","鳳山農試所","","47.5"
"2021-12","鳳山農試所","","1.5"
"2021-11","鳳山農試所","","2"
"2021-10","鳳山農試所","","45.5"
"2021-09","鳳山農試所","","150.5"
"2021-08","鳳山農試所","","1057.5"
"2021-07","鳳山農試所","","697"
"2021-06","鳳山農試所","","1072.5"
"2021-05","鳳山農試所","","47.5"
"2021-04","鳳山農試所","","12"
"2023-03","魚池茶改場","","22"
"2023-02","魚池茶改場","","11"
"2023-01","魚池茶改場","","15.5"
"2022-12","魚池茶改場","","16"
"2022-11","魚池茶改場","","13"
"2022-10","魚池茶改場","","28.5"
"2022-09","魚池茶改場","","158"
"2022-08","魚池茶改場","","222.5"
"2022-07","魚池茶改場","","144"
"2022-06","魚池茶改場","","481.5"
"2022-05","魚池茶改場","","509.5"
"2022-04","魚池茶改場","","104"
"2022-03","魚池茶改場","","125.5"
"2022-02","魚池茶改場","","133.5"
"2022-01","魚池茶改場","","48.5"
"2021-12","魚池茶改場","","26"
"2021-11","魚池茶改場","","38"
"2021-10","魚池茶改場","","41"
"2021-09","魚池茶改場","","236.5"
"2021-08","魚池茶改場","","605"
"2021-07","魚池茶改場","","324"
"2021-06","魚池茶改場","","495"
"2021-05","魚池茶改場","","232.5"
"2021-04","魚池茶改場","","65.5"
"2021-03","魚池茶改場","","19"
"2021-02","魚池茶改場","","25.5"
"2021-01","魚池茶改場","","12"
"2020-12","魚池茶改場","","52.5"
"2020-11","魚池茶改場","","4.5"
"2020-10","魚池茶改場","","18.5"
"2020-09","魚池茶改場","","112.5"
"2020-08","魚池茶改場","","134"
"2020-07","魚池茶改場","","13"
"2020-06","魚池茶改場","","13"
"2019-12","魚池茶改場","*","147.5"
"2019-11","魚池茶改場","*","0"
"2019-10","魚池茶改場","*","11"
"2019-09","魚池茶改場","","90.5"
"2019-08","魚池茶改場","*","623.5"
"2019-07","魚池茶改場","","207.5"
"2019-06","魚池茶改場","","797.5"
"2019-05","魚池茶改場","*","753.5"
"2019-04","魚池茶改場","","XXX"
"2019-03","魚池茶改場","*","157"
"2019-02","魚池茶改場","*","8.5"
"2019-01","魚池茶改場","","8.5"
"2018-12","魚池茶改場","*","1"
"2018-11","魚池茶改場","*","29.5"
"2018-10","魚池茶改場","","XXX"
"2018-09","魚池茶改場","","XXX"
"2018-08","魚池茶改場","","XXX"
"2018-07","魚池茶改場","","XXX"
"2018-06","魚池茶改場","","XXX"
"2018-05","魚池茶改場","","XXX"
"2018-04","魚池茶改場","","XXX"
"2018-03","魚池茶改場","","XXX"
"2018-02","魚池茶改場","","XXX"
"2018-01","魚池茶改場","","XXX"
"2023-03","高雄農改場","","0.5"
"2023-02","高雄農改場","","0"
"2023-01","高雄農改場","","0"
"2022-12","高雄農改場","","18"
"2022-11","高雄農改場","","10"
"2022-10","高雄農改場","","17.5"
"2022-09","高雄農改場","","70"
"2022-08","高雄農改場","","383.5"
"2022-07","高雄農改場","","144.5"
"2022-06","高雄農改場","","162.5"
"2022-05","高雄農改場","","341.5"
"2022-04","高雄農改場","","3"
"2022-03","高雄農改場","","21"
"2022-02","高雄農改場","*","23.5"
"2022-01","高雄農改場","*","0"
"2021-12","高雄農改場","","3.5"
"2021-11","高雄農改場","","4.5"
"2021-10","高雄農改場","","104"
"2021-09","高雄農改場","","150.5"
"2021-08","高雄農改場","","1310.5"
"2021-07","高雄農改場","","610.5"
"2021-06","高雄農改場","","1218"
"2021-05","高雄農改場","","121.5"
"2021-04","高雄農改場","","14"
"2019-12","高雄農改場","*","25.5"
"2019-11","高雄農改場","","3"
"2019-10","高雄農改場","*","53"
"2019-09","高雄農改場","*","185"
"2019-08","高雄農改場","","953"
"2019-07","高雄農改場","*","628"
"2019-06","高雄農改場","","372.5"
"2019-05","高雄農改場","*","271"
"2019-04","高雄農改場","*","0"
"2019-03","高雄農改場","*","0"
"2019-02","高雄農改場","","17"
"2019-01","高雄農改場","*","1.5"
"2018-12","高雄農改場","*","1.5"
"2018-11","高雄農改場","","0"
"2018-10","高雄農改場","*","50.5"
"2018-09","高雄農改場","","288.5"
"2018-08","高雄農改場","","977"
"2018-07","高雄農改場","","574"
"2018-06","高雄農改場","","601"
"2018-05","高雄農改場","","XXX"
"2018-04","高雄農改場","","17"
"2018-03","高雄農改場","","26"
"2018-02","高雄農改場","","6.5"
"2018-01","高雄農改場","","36.5"
"2017-12","高雄農改場","*","0.5"
"2017-11","高雄農改場","","20.5"
"2017-10","高雄農改場","","112.5"
"2017-09","高雄農改場","","115"
"2017-08","高雄農改場","","215"
"2017-07","高雄農改場","","705"
"2017-06","高雄農改場","","423.5"
"2017-05","高雄農改場","","65.5"
"2017-04","高雄農改場","","49"
"2017-03","高雄農改場","*","3"
"2017-02","高雄農改場","*","0"
"2017-01","高雄農改場","","XXX"
"2016-12","高雄農改場","","XXX"
"2016-11","高雄農改場","","31.5"
"2016-10","高雄農改場","","120.5"
"2016-09","高雄農改場","","1309.5"
"2016-08","高雄農改場","*","467"
"2016-07","高雄農改場","*","640"
"2016-06","高雄農改場","","XXX"
"2016-05","高雄農改場","","158.5"
"2016-04","高雄農改場","","236.5"
"2016-03","高雄農改場","","97"
"2016-02","高雄農改場","","3.5"
"2016-01","高雄農改場","","74.5"
"2015-12","高雄農改場","","40.5"
"2015-11","高雄農改場","*","1"
"2015-10","高雄農改場","","XXX"
"2015-09","高雄農改場","","111.5"
"2015-08","高雄農改場","","538"
"2015-07","高雄農改場","","319.5"
"2015-06","高雄農改場","","19.5"
"2015-05","高雄農改場","*","52.5"
"2015-04","高雄農改場","*","6"
"2015-03","高雄農改場","","0"
"2015-02","高雄農改場","*","8"
"2015-01","高雄農改場","","4"
"2014-12","高雄農改場","*","9.5"
"2014-11","高雄農改場","*","18.5"
"2014-10","高雄農改場","","2"
"2014-09","高雄農改場","","247"
"2014-08","高雄農改場","","529.5"
"2014-07","高雄農改場","","376.5"
"2014-06","高雄農改場","*","158"
"2014-05","高雄農改場","*","163.5"
"2014-04","高雄農改場","","10.5"
"2014-03","高雄農改場","","32.5"
"2014-02","高雄農改場","*","16.5"
"2014-01","高雄農改場","*","0"
"2013-12","高雄農改場","*","37.5"
"2013-11","高雄農改場","","22"
"2013-10","高雄農改場","","15"
"2013-09","高雄農改場","","200"
"2013-08","高雄農改場","","819"
"2013-07","高雄農改場","*","109.5"
"2013-06","高雄農改場","","155.5"
"2013-05","高雄農改場","*","166"
"2013-04","高雄農改場","","133.5"
"2013-03","高雄農改場","","2.5"
"2013-02","高雄農改場","","0"
"2013-01","高雄農改場","","1.5"
"2012-12","高雄農改場","","25"
"2012-11","高雄農改場","","78.8"
"2012-10","高雄農改場","","5.5"
"2012-09","高雄農改場","","167"
"2012-08","高雄農改場","","525.5"
"2012-07","高雄農改場","","126"
"2012-06","高雄農改場","","1468"
"2012-05","高雄農改場","","307"
"2012-04","高雄農改場","","95.5"
"2012-03","高雄農改場","","7"
"2012-02","高雄農改場","","14.5"
"2012-01","高雄農改場","","1"
"2011-12","高雄農改場","","31.5"
"2011-11","高雄農改場","","158"
"2011-10","高雄農改場","","92"
"2011-09","高雄農改場","","227"
"2011-08","高雄農改場","","438.5"
"2011-07","高雄農改場","","453.5"
"2011-06","高雄農改場","","163.5"
"2011-05","高雄農改場","","218"
"2011-04","高雄農改場","","56"
"2011-03","高雄農改場","","6.5"
"2011-02","高雄農改場","","3"
"2011-01","高雄農改場","","13.5"
"2010-12","高雄農改場","","20"
"2010-11","高雄農改場","","11"
"2010-10","高雄農改場","","155.5"
"2010-09","高雄農改場","","1074.4"
"2010-08","高雄農改場","","343"
"2010-07","高雄農改場","","468.6"
"2010-06","高雄農改場","","364.1"
"2010-05","高雄農改場","","244"
"2010-04","高雄農改場","","45.3"
"2010-03","高雄農改場","","1.1"
"2010-02","高雄農改場","","12"
"2010-01","高雄農改場","","5.6"
"2023-03","雲林分場","","12"
"2023-02","雲林分場","","0"
"2023-01","雲林分場","","7.5"
"2022-12","雲林分場","","18.5"
"2022-11","雲林分場","","1.5"
"2022-10","雲林分場","","5"
"2022-09","雲林分場","","36"
"2022-08","雲林分場","","481"
"2022-07","雲林分場","","64.5"
"2022-06","雲林分場","*","186.5"
"2022-05","雲林分場","*","220"
"2022-04","雲林分場","","46"
"2022-03","雲林分場","","97.5"
"2022-02","雲林分場","","95.5"
"2022-01","雲林分場","","29"
"2021-12","雲林分場","","28.5"
"2021-11","雲林分場","","6.5"
"2021-10","雲林分場","","12.5"
"2021-09","雲林分場","","76.5"
"2021-08","雲林分場","","647"
"2021-07","雲林分場","","300.5"
"2021-06","雲林分場","","617"
"2021-05","雲林分場","","101.5"
"2021-04","雲林分場","","27.5"
"2021-03","雲林分場","","11.5"
"2021-02","雲林分場","","27"
"2021-01","雲林分場","","36"
"2020-12","雲林分場","","40.5"
"2020-11","雲林分場","","10"
"2020-10","雲林分場","","0.5"
"2020-09","雲林分場","","23"
"2020-08","雲林分場","","356"
"2020-07","雲林分場","","78.5"
"2020-06","雲林分場","","102"
"2019-12","雲林分場","*","133.5"
"2019-11","雲林分場","","0"
"2019-10","雲林分場","*","1.5"
"2019-09","雲林分場","*","67.5"
"2019-08","雲林分場","*","620"
"2019-07","雲林分場","*","232.5"
"2019-06","雲林分場","*","334.5"
"2019-05","雲林分場","","159.5"
"2019-04","雲林分場","*","14"
"2019-03","雲林分場","","126.5"
"2019-02","雲林分場","*","6"
"2019-01","雲林分場","*","3"
"2018-12","雲林分場","*","0"
"2018-11","雲林分場","","16.5"
"2018-10","雲林分場","","XXX"
"2018-09","雲林分場","*","21.5"
"2018-08","雲林分場","","756.5"
"2018-07","雲林分場","","555"
"2018-06","雲林分場","","312"
"2018-05","雲林分場","","29.5"
"2018-04","雲林分場","*","24"
"2018-03","雲林分場","","XXX"
"2018-02","雲林分場","","34.5"
"2018-01","雲林分場","","XXX"
"2017-12","雲林分場","","5.5"
"2017-11","雲林分場","*","8"
"2017-10","雲林分場","","71.5"
"2017-09","雲林分場","*","5"
"2017-08","雲林分場","*","141"
"2017-07","雲林分場","","394"
"2017-06","雲林分場","*","851"
"2017-05","雲林分場","*","27"
"2017-04","雲林分場","*","46.5"
"2017-03","雲林分場","*","26"
"2017-02","雲林分場","","1"
"2017-01","雲林分場","","1"
"2016-12","雲林分場","","XXX"
"2016-11","雲林分場","","68"
"2016-10","雲林分場","*","22.5"
"2016-09","雲林分場","","477"
"2016-08","雲林分場","*","121"
"2016-07","雲林分場","*","247"
"2016-06","雲林分場","","430.5"
"2016-05","雲林分場","","85"
"2016-04","雲林分場","","213.5"
"2016-03","雲林分場","","160"
"2016-02","雲林分場","","32.5"
"2016-01","雲林分場","","165"
"2015-12","雲林分場","","28.5"
"2015-11","雲林分場","","0.5"
"2015-10","雲林分場","","25"
"2015-09","雲林分場","*","241.5"
"2015-08","雲林分場","","XXX"
"2015-07","雲林分場","","202.5"
"2015-06","雲林分場","","29.5"
"2015-05","雲林分場","","366"
"2015-04","雲林分場","*","78"
"2015-03","雲林分場","*","7.5"
"2015-02","雲林分場","","14.5"
"2015-01","雲林分場","*","7.5"
"2014-12","雲林分場","*","34"
"2014-11","雲林分場","*","2.5"
"2014-10","雲林分場","","0"
"2014-09","雲林分場","","120.5"
"2014-08","雲林分場","","278.5"
"2014-07","雲林分場","","209"
"2014-06","雲林分場","","239"
"2014-05","雲林分場","","394.5"
"2014-04","雲林分場","","27"
"2014-03","雲林分場","*","41.5"
"2014-02","雲林分場","","27.5"
"2014-01","雲林分場","*","0"
"2013-12","雲林分場","","65"
"2013-11","雲林分場","","12"
"2013-10","雲林分場","","7.5"
"2013-09","雲林分場","*","236.5"
"2013-08","雲林分場","","1432.5"
"2013-07","雲林分場","","306"
"2013-06","雲林分場","","44"
"2013-05","雲林分場","","546.5"
"2013-04","雲林分場","","178.5"
"2013-03","雲林分場","","21.5"
"2013-02","雲林分場","","2"
"2013-01","雲林分場","","21.5"
"2012-12","雲林分場","","49.5"
"2012-11","雲林分場","","163"
"2012-10","雲林分場","","0.5"
"2012-09","雲林分場","","37"
"2012-08","雲林分場","","653.5"
"2012-07","雲林分場","","354"
"2012-06","雲林分場","","482"
"2012-05","雲林分場","","215"
"2012-04","雲林分場","","204.5"
"2012-03","雲林分場","","14.5"
"2012-02","雲林分場","","68"
"2012-01","雲林分場","","33"
"2011-12","雲林分場","","16.5"
"2011-11","雲林分場","","231"
"2011-10","雲林分場","","27.5"
"2011-09","雲林分場","","137.5"
"2011-08","雲林分場","","196.5"
"2011-07","雲林分場","","36"
"2011-06","雲林分場","","144.5"
"2011-05","雲林分場","","122.5"
"2011-04","雲林分場","","4"
"2011-03","雲林分場","","36.5"
"2011-02","雲林分場","","15"
"2011-01","雲林分場","","31.5"
"2010-12","雲林分場","","28.5"
"2010-11","雲林分場","","34"
"2010-10","雲林分場","","9"
"2010-09","雲林分場","","194"
"2010-08","雲林分場","","144"
"2010-07","雲林分場","","460.5"
"2010-06","雲林分場","","310"
"2010-05","雲林分場","","130"
"2010-04","雲林分場","","86"
"2010-03","雲林分場","","7"
"2010-02","雲林分場","","70.5"
"2010-01","雲林分場","","23"
"2023-03","農業試驗所","*","10.5"
"2023-02","農業試驗所","","14"
"2023-01","農業試驗所","*","9.5"
"2022-12","農業試驗所","","12"
"2022-11","農業試驗所","","13"
"2022-10","農業試驗所","","47.5"
"2022-09","農業試驗所","","132.5"
"2022-08","農業試驗所","","256"
"2022-07","農業試驗所","","88"
"2022-06","農業試驗所","","383"
"2022-05","農業試驗所","","338"
"2022-04","農業試驗所","","52.5"
"2022-03","農業試驗所","","102"
"2022-02","農業試驗所","","110.5"
"2022-01","農業試驗所","","29"
"2021-12","農業試驗所","","19.5"
"2021-11","農業試驗所","","10.5"
"2021-10","農業試驗所","","10.5"
"2021-09","農業試驗所","","59.5"
"2021-08","農業試驗所","*","469"
"2021-07","農業試驗所","","239"
"2021-06","農業試驗所","","708"
"2021-05","農業試驗所","","180.5"
"2021-04","農業試驗所","","13"
"2021-03","農業試驗所","","13.5"
"2021-02","農業試驗所","","24.5"
"2021-01","農業試驗所","","4"
"2020-12","農業試驗所","","32"
"2020-11","農業試驗所","","3.5"
"2020-10","農業試驗所","","0"
"2020-09","農業試驗所","","24"
"2020-08","農業試驗所","","197"
"2020-07","農業試驗所","","65.5"
"2020-06","農業試驗所","","138"
"2017-12","農業試驗所","*","8"
"2017-11","農業試驗所","","20"
"2017-10","農業試驗所","","65.5"
"2017-09","農業試驗所","","49"
"2017-08","農業試驗所","*","77.5"
"2017-07","農業試驗所","*","354"
"2017-06","農業試驗所","","775.5"
"2017-05","農業試驗所","","93.5"
"2017-04","農業試驗所","*","75"
"2017-03","農業試驗所","*","38"
"2017-02","農業試驗所","*","8.5"
"2017-01","農業試驗所","*","4.5"
"2016-12","農業試驗所","","14.5"
"2016-11","農業試驗所","","68"
"2016-10","農業試驗所","","24.5"
"2016-09","農業試驗所","","166"
"2016-08","農業試驗所","","133.5"
"2016-07","農業試驗所","*","122.5"
"2016-06","農業試驗所","","352"
"2016-05","農業試驗所","*","83"
"2016-04","農業試驗所","*","135.5"
"2016-03","農業試驗所","","149"
"2016-02","農業試驗所","","7"
"2016-01","農業試驗所","","155"
"2015-12","農業試驗所","","20"
"2015-11","農業試驗所","","6.5"
"2015-10","農業試驗所","*","0"
"2015-09","農業試驗所","","160.5"
"2015-08","農業試驗所","","266.5"
"2015-07","農業試驗所","","18"
"2015-06","農業試驗所","*","164"
"2015-05","農業試驗所","","448"
"2015-04","農業試驗所","*","6"
"2015-03","農業試驗所","*","8.5"
"2015-02","農業試驗所","","10.5"
"2015-01","農業試驗所","*","10"
"2014-12","農業試驗所","","15.5"
"2014-11","農業試驗所","","0.5"
"2014-10","農業試驗所","","0.5"
"2014-09","農業試驗所","","2.5"
"2014-08","農業試驗所","*","156"
"2014-07","農業試驗所","","137.5"
"2014-06","農業試驗所","","238"
"2014-05","農業試驗所","","480.5"
"2014-04","農業試驗所","","12.5"
"2014-03","農業試驗所","","44.5"
"2014-02","農業試驗所","","29"
"2014-01","農業試驗所","","2.5"
"2013-12","農業試驗所","","72"
"2013-11","農業試驗所","","13"
"2013-10","農業試驗所","","0"
"2013-09","農業試驗所","","70"
"2013-08","農業試驗所","","708"
"2013-07","農業試驗所","","660"
"2013-06","農業試驗所","","81"
"2013-05","農業試驗所","","327"
"2013-04","農業試驗所","","273"
"2013-03","農業試驗所","","36.5"
"2013-02","農業試驗所","","0.5"
"2013-01","農業試驗所","*","16"
"2012-12","農業試驗所","","65"
"2012-11","農業試驗所","","107"
"2012-10","農業試驗所","","3"
"2012-09","農業試驗所","","114"
"2012-08","農業試驗所","","591"
"2012-07","農業試驗所","","255.5"
"2012-06","農業試驗所","","290"
"2012-05","農業試驗所","","242"
"2012-04","農業試驗所","","141.5"
"2012-03","農業試驗所","","24.5"
"2012-02","農業試驗所","","無資料"
"2012-01","農業試驗所","","無資料"
"2011-12","農業試驗所","","無資料"
"2011-11","農業試驗所","*","156"
"2011-10","農業試驗所","","20"
"2011-09","農業試驗所","","49.5"
"2011-08","農業試驗所","","236.5"
"2011-07","農業試驗所","","158"
"2011-06","農業試驗所","","242"
"2011-05","農業試驗所","","126"
"2011-04","農業試驗所","","3.5"
"2011-03","農業試驗所","","27.5"
"2011-02","農業試驗所","","18"
"2011-01","農業試驗所","","28.5"
"2010-12","農業試驗所","","22.5"
"2010-11","農業試驗所","","26"
"2010-10","農業試驗所","","2.5"
"2010-09","農業試驗所","","204"
"2010-08","農業試驗所","","246"
"2010-07","農業試驗所","","454"
"2010-06","農業試驗所","","465.5"
"2010-05","農業試驗所","","147.5"
"2010-04","農業試驗所","","128"
"2010-03","農業試驗所","","30"
"2010-02","農業試驗所","","108"
"2010-01","農業試驗所","","35"
"2023-03","農工中心","","33.5"
"2023-02","農工中心","","46"
"2023-01","農工中心","","19"
"2022-12","農工中心","","108.5"
"2022-11","農工中心","","110.5"
"2022-10","農工中心","","208"
"2022-09","農工中心","","312.5"
"2022-08","農工中心","","121.5"
"2022-07","農工中心","","69"
"2022-06","農工中心","","204.5"
"2022-05","農工中心","","573"
"2022-04","農工中心","","84"
"2022-03","農工中心","","220"
"2022-02","農工中心","","232.5"
"2022-01","農工中心","","86.5"
"2021-12","農工中心","","50"
"2021-11","農工中心","","47.5"
"2021-10","農工中心","","129.5"
"2021-09","農工中心","","69.5"
"2021-08","農工中心","","294.5"
"2021-07","農工中心","","275.5"
"2021-06","農工中心","","135.5"
"2021-05","農工中心","","78.5"
"2021-04","農工中心","","56.5"
"2021-03","農工中心","","105.5"
"2021-02","農工中心","","37.5"
"2021-01","農工中心","","35"
"2020-12","農工中心","","93"
"2020-11","農工中心","","13.5"
"2023-03","賓朗果園","","23.5"
"2023-02","賓朗果園","","25"
"2023-01","賓朗果園","","22.5"
"2022-12","賓朗果園","*","0.5"
"2022-11","賓朗果園","","65"
"2022-10","賓朗果園","","410"
"2022-09","賓朗果園","","99.5"
"2022-08","賓朗果園","","209.5"
"2022-07","賓朗果園","","50"
"2022-06","賓朗果園","","183.5"
"2022-05","賓朗果園","","176.5"
"2022-04","賓朗果園","","179.5"
"2022-03","賓朗果園","","30.5"
"2022-02","賓朗果園","","81.5"
"2022-01","賓朗果園","","138"
"2021-12","賓朗果園","","50"
"2021-11","賓朗果園","","37.5"
"2021-10","賓朗果園","","695"
"2021-09","賓朗果園","","71.5"
"2021-08","賓朗果園","","326"
"2021-07","賓朗果園","","113"
"2021-06","賓朗果園","","117.5"
"2021-05","賓朗果園","","95"
"2021-04","賓朗果園","","57"
"2023-03","蘭陽分場","","61"
"2023-02","蘭陽分場","","126.5"
"2023-01","蘭陽分場","","184"
"2022-12","蘭陽分場","","321"
"2022-11","蘭陽分場","","566.5"
"2022-10","蘭陽分場","","1411.5"
"2022-09","蘭陽分場","*","342"
"2022-08","蘭陽分場","","16.5"
"2022-07","蘭陽分場","","19"
"2022-06","蘭陽分場","","167"
"2022-05","蘭陽分場","","314.5"
"2022-04","蘭陽分場","","59.5"
"2022-03","蘭陽分場","","126"
"2022-02","蘭陽分場","","358"
"2022-01","蘭陽分場","","368.5"
"2021-12","蘭陽分場","","135.5"
"2021-11","蘭陽分場","","182.5"
"2021-10","蘭陽分場","","552.5"
"2021-09","蘭陽分場","","119.5"
"2021-08","蘭陽分場","","198"
"2021-07","蘭陽分場","*","105.5"
"2021-06","蘭陽分場","","206"
"2021-05","蘭陽分場","","107"
"2021-04","蘭陽分場","","76.5"
"2017-12","蘭陽分場","*","556"
"2017-11","蘭陽分場","","468"
"2017-10","蘭陽分場","","636"
"2017-09","蘭陽分場","","447.5"
"2017-08","蘭陽分場","","63"
"2017-07","蘭陽分場","","154.5"
"2017-06","蘭陽分場","","276.5"
"2017-05","蘭陽分場","","208.5"
"2017-04","蘭陽分場","*","147"
"2017-03","蘭陽分場","*","84.5"
"2017-02","蘭陽分場","","66"
"2017-01","蘭陽分場","","103"
"2016-12","蘭陽分場","","XXX"
"2016-11","蘭陽分場","","XXX"
"2016-10","蘭陽分場","*","482.5"
"2016-09","蘭陽分場","*","741"
"2016-08","蘭陽分場","","148"
"2016-07","蘭陽分場","*","243.5"
"2016-06","蘭陽分場","","214"
"2016-05","蘭陽分場","*","289.5"
"2016-04","蘭陽分場","*","77.5"
"2016-03","蘭陽分場","","171.5"
"2016-02","蘭陽分場","","83.5"
"2016-01","蘭陽分場","","131"
"2015-12","蘭陽分場","*","116"
"2015-11","蘭陽分場","","386.5"
"2015-10","蘭陽分場","","421"
"2015-09","蘭陽分場","","380.5"
"2015-08","蘭陽分場","","705"
"2015-07","蘭陽分場","","81"
"2015-06","蘭陽分場","","97"
"2015-05","蘭陽分場","","208.5"
"2015-04","蘭陽分場","","107.5"
"2015-03","蘭陽分場","","274"
"2015-02","蘭陽分場","","74"
"2015-01","蘭陽分場","*","38"
"2014-12","蘭陽分場","","156.5"
"2014-11","蘭陽分場","","224.5"
"2014-10","蘭陽分場","","60.5"
"2014-09","蘭陽分場","","389"
"2014-08","蘭陽分場","","97"
"2014-07","蘭陽分場","","247.5"
"2014-06","蘭陽分場","","240"
"2014-05","蘭陽分場","","247.5"
"2014-04","蘭陽分場","","71"
"2014-03","蘭陽分場","","98"
"2014-02","蘭陽分場","","180.5"
"2014-01","蘭陽分場","","55"
"2013-12","蘭陽分場","","374.5"
"2013-11","蘭陽分場","","361"
"2013-10","蘭陽分場","","157"
"2013-09","蘭陽分場","","390.5"
"2013-08","蘭陽分場","","333.5"
"2013-07","蘭陽分場","","120.5"
"2013-06","蘭陽分場","","73"
"2013-05","蘭陽分場","","152"
"2013-04","蘭陽分場","","150.5"
"2013-03","蘭陽分場","","46.5"
"2013-02","蘭陽分場","","100"
"2013-01","蘭陽分場","","147"
"2012-12","蘭陽分場","","320"
"2012-11","蘭陽分場","","無資料"
"2012-10","蘭陽分場","","187"
"2012-09","蘭陽分場","","114.5"
"2012-08","蘭陽分場","","596.5"
"2012-07","蘭陽分場","","157"
"2012-06","蘭陽分場","","289.5"
"2012-05","蘭陽分場","","396.5"
"2012-04","蘭陽分場","","79"
"2012-03","蘭陽分場","","97"
"2012-02","蘭陽分場","","172"
"2012-01","蘭陽分場","","152.5"
"2011-12","蘭陽分場","","340"
"2011-11","蘭陽分場","","643.5"
"2011-10","蘭陽分場","","728.5"
"2011-09","蘭陽分場","","144"
"2011-08","蘭陽分場","","159.5"
"2011-07","蘭陽分場","","251.5"
"2011-06","蘭陽分場","","124"
"2011-05","蘭陽分場","","325.5"
"2011-04","蘭陽分場","","5.5"
"2011-03","蘭陽分場","","128.5"
"2011-02","蘭陽分場","","39.5"
"2011-01","蘭陽分場","","92.5"
"2010-12","蘭陽分場","","102.5"
"2010-11","蘭陽分場","","328"
"2010-10","蘭陽分場","","1097.5"
"2010-09","蘭陽分場","","268.5"
"2010-08","蘭陽分場","","102.5"
"2010-07","蘭陽分場","","39"
"2010-06","蘭陽分場","","190"
"2010-05","蘭陽分場","","75.5"
"2010-04","蘭陽分場","","76.5"
"2010-03","蘭陽分場","","20.5"
"2010-02","蘭陽分場","","153"
"2010-01","蘭陽分場","","156.5"
"2023-03","蓮華池","","31.5"
"2023-02","蓮華池","","16"
"2023-01","蓮華池","","12"
"2022-12","蓮華池","","17"
"2022-11","蓮華池","","16"
"2022-10","蓮華池","","40.5"
"2022-09","蓮華池","","169"
"2022-08","蓮華池","","129.5"
"2022-07","蓮華池","","188.5"
"2022-06","蓮華池","","390.5"
"2022-05","蓮華池","","496.5"
"2022-04","蓮華池","","106.5"
"2022-03","蓮華池","","119"
"2022-02","蓮華池","","134"
"2022-01","蓮華池","","51.5"
"2021-12","蓮華池","","22"
"2021-11","蓮華池","","35"
"2021-10","蓮華池","","34"
"2021-09","蓮華池","*","154.5"
"2021-08","蓮華池","","882.5"
"2021-07","蓮華池","","311.5"
"2021-06","蓮華池","","579.5"
"2021-05","蓮華池","","356"
"2021-04","蓮華池","","31"
"2021-03","蓮華池","","14.5"
"2021-02","蓮華池","","23"
"2021-01","蓮華池","","12"
"2020-12","蓮華池","","無資料"
"2020-11","蓮華池","","無資料"
"2023-03","萬大發電廠","","85"
"2023-02","萬大發電廠","","41.5"
"2023-01","萬大發電廠","","29"
"2022-12","萬大發電廠","","37.5"
"2022-11","萬大發電廠","","128.5"
"2022-10","萬大發電廠","","47.5"
"2022-09","萬大發電廠","","123.5"
"2022-08","萬大發電廠","","52.5"
"2022-07","萬大發電廠","","110"
"2022-06","萬大發電廠","","317.5"
"2022-05","萬大發電廠","","635.5"
"2022-04","萬大發電廠","","136.5"
"2022-03","萬大發電廠","","170.5"
"2022-02","萬大發電廠","","167"
"2022-01","萬大發電廠","","98.5"
"2021-12","萬大發電廠","","34"
"2021-11","萬大發電廠","","51"
"2021-10","萬大發電廠","","136"
"2021-09","萬大發電廠","","110.5"
"2021-08","萬大發電廠","","507.5"
"2021-07","萬大發電廠","","174"
"2021-06","萬大發電廠","","408"
"2021-05","萬大發電廠","","409.9"
"2021-04","萬大發電廠","","47"
"2021-03","萬大發電廠","","55.5"
"2021-02","萬大發電廠","","20.5"
"2021-01","萬大發電廠","","15.5"
"2020-12","萬大發電廠","","無資料"
"2020-11","萬大發電廠","","無資料"
"2019-12","茶業改良場","＊","203"
"2019-11","茶業改良場","","27"
"2019-10","茶業改良場","＊","16.5"
"2019-09","茶業改良場","＊","216.5"
"2019-08","茶業改良場","＊","388"
"2019-07","茶業改良場","","159.5"
"2019-06","茶業改良場","","462"
"2019-05","茶業改良場","","488"
"2019-04","茶業改良場","","176.5"
"2019-03","茶業改良場","","291.5"
"2019-02","茶業改良場","＊","74.5"
"2019-01","茶業改良場","","57.5"
"2018-12","茶業改良場","＊","61.5"
"2018-11","茶業改良場","","61"
"2018-10","茶業改良場","","XXX"
"2018-09","茶業改良場","","XXX"
"2018-08","茶業改良場","","XXX"
"2018-07","茶業改良場","","XXX"
"2018-06","茶業改良場","","127"
"2018-05","茶業改良場","","36"
"2018-04","茶業改良場","","XXX"
"2018-03","茶業改良場","","60"
"2018-02","茶業改良場","＊","32.5"
"2018-01","茶業改良場","","319"
"2017-12","茶業改良場","*","63.5"
"2017-11","茶業改良場","","69"
"2017-10","茶業改良場","","177.5"
"2017-09","茶業改良場","","54"
"2017-08","茶業改良場","*","8"
"2017-07","茶業改良場","","236.5"
"2017-06","茶業改良場","","561.5"
"2017-05","茶業改良場","","107.5"
"2017-04","茶業改良場","","127.5"
"2017-03","茶業改良場","*","204"
"2017-02","茶業改良場","","111"
"2017-01","茶業改良場","*","33.5"
"2016-12","茶業改良場","*","10.5"
"2016-11","茶業改良場","","147.5"
"2016-10","茶業改良場","","68"
"2016-09","茶業改良場","*","320"
"2016-08","茶業改良場","*","65.5"
"2016-07","茶業改良場","*","23"
"2016-06","茶業改良場","","282"
"2016-05","茶業改良場","","214.5"
"2016-04","茶業改良場","","221"
"2016-03","茶業改良場","","292"
"2016-02","茶業改良場","","XXX"
"2016-01","茶業改良場","","352.5"
"2015-12","茶業改良場","","92.5"
"2015-11","茶業改良場","*","28"
"2015-10","茶業改良場","*","105.5"
"2015-09","茶業改良場","","300.5"
"2015-08","茶業改良場","","271"
"2015-07","茶業改良場","","70.5"
"2015-06","茶業改良場","*","75.5"
"2015-05","茶業改良場","","294.5"
"2015-04","茶業改良場","","94.5"
"2015-03","茶業改良場","","200.5"
"2015-02","茶業改良場","","69"
"2015-01","茶業改良場","","29"
"2014-12","茶業改良場","","91"
"2014-11","茶業改良場","","70.5"
"2014-10","茶業改良場","","145.5"
"2014-09","茶業改良場","","100"
"2014-08","茶業改良場","","62"
"2014-07","茶業改良場","","159.5"
"2014-06","茶業改良場","","165"
"2014-05","茶業改良場","","xxx"
"2014-04","茶業改良場","","90.5"
"2014-03","茶業改良場","","174"
"2014-02","茶業改良場","","221"
"2014-01","茶業改良場","","21.5"
"2013-12","茶業改良場","*","266"
"2013-11","茶業改良場","*","60"
"2013-10","茶業改良場","*","115.5"
"2013-09","茶業改良場","*","74"
"2013-08","茶業改良場","*","582"
"2013-07","茶業改良場","*","93.5"
"2013-06","茶業改良場","","91"
"2013-05","茶業改良場","","380"
"2013-04","茶業改良場","*","196"
"2013-03","茶業改良場","","37.5"
"2013-02","茶業改良場","","18.5"
"2013-01","茶業改良場","*","59.5"
"2012-12","茶業改良場","*","226"
"2012-11","茶業改良場","","374.5"
"2012-10","茶業改良場","","49"
"2012-09","茶業改良場","","157"
"2012-08","茶業改良場","","611.5"
"2012-07","茶業改良場","","104"
"2012-06","茶業改良場","","552"
"2012-05","茶業改良場","","242"
"2012-04","茶業改良場","","237"
"2012-03","茶業改良場","","118"
"2012-02","茶業改良場","","301.5"
"2012-01","茶業改良場","","194"
"2011-12","茶業改良場","","136"
"2011-11","茶業改良場","","266.5"
"2011-10","茶業改良場","","110.5"
"2011-09","茶業改良場","","11.5"
"2011-08","茶業改良場","","136.5"
"2011-07","茶業改良場","","102.5"
"2011-06","茶業改良場","","374"
"2011-05","茶業改良場","*","  202.5"
"2011-04","茶業改良場","","43"
"2011-03","茶業改良場","","129.5"
"2011-02","茶業改良場","","83"
"2011-01","茶業改良場","","114.5"
"2010-12","茶業改良場","","87"
"2010-11","茶業改良場","","75"
"2010-10","茶業改良場","","189.5"
"2010-09","茶業改良場","","181.5"
"2010-08","茶業改良場","","164.5"
"2010-07","茶業改良場","","136.5"
"2010-06","茶業改良場","","367.5"
"2010-05","茶業改良場","","258.5"
"2010-04","茶業改良場","","158.5"
"2010-03","茶業改良場","","105"
"2010-02","茶業改良場","","254.5"
"2010-01","茶業改良場","","134"
"2023-03","苗栗農改場","","39"
"2023-02","苗栗農改場","","18.5"
"2023-01","苗栗農改場","","9.5"
"2022-12","苗栗農改場","","22"
"2022-11","苗栗農改場","","26.5"
"2022-10","苗栗農改場","","19.5"
"2022-09","苗栗農改場","","192.5"
"2022-08","苗栗農改場","","155.5"
"2022-07","苗栗農改場","","207"
"2022-06","苗栗農改場","","497"
"2022-05","苗栗農改場","","558.5"
"2022-04","苗栗農改場","","83"
"2022-03","苗栗農改場","","299"
"2022-02","苗栗農改場","","215.5"
"2022-01","苗栗農改場","","65.5"
"2021-12","苗栗農改場","","65"
"2021-11","苗栗農改場","","9"
"2021-10","苗栗農改場","","13"
"2021-09","苗栗農改場","","93.5"
"2021-08","苗栗農改場","","484"
"2021-07","苗栗農改場","","332.5"
"2021-06","苗栗農改場","","414"
"2021-05","苗栗農改場","","273.5"
"2021-04","苗栗農改場","","38.5"
"2021-03","苗栗農改場","","52"
"2021-02","苗栗農改場","","42.5"
"2021-01","苗栗農改場","","14"
"2020-12","苗栗農改場","","51.5"
"2020-11","苗栗農改場","","6.5"
"2019-12","苗栗農改場","*","86.5"
"2019-11","苗栗農改場","","0.5"
"2019-10","苗栗農改場","*","13.5"
"2019-09","苗栗農改場","*","55.5"
"2019-08","苗栗農改場","*","513.5"
"2019-07","苗栗農改場","","127.5"
"2019-06","苗栗農改場","","444"
"2019-05","苗栗農改場","","357"
"2019-04","苗栗農改場","*","126.5"
"2019-03","苗栗農改場","","314.5"
"2019-02","苗栗農改場","*","30"
"2019-01","苗栗農改場","*","32"
"2018-12","苗栗農改場","*","1.5"
"2018-11","苗栗農改場","","21.5"
"2018-10","苗栗農改場","","13.5"
"2018-09","苗栗農改場","","58.5"
"2018-08","苗栗農改場","","XXX"
"2018-07","苗栗農改場","","105"
"2018-06","苗栗農改場","","173"
"2018-05","苗栗農改場","","64"
"2018-04","苗栗農改場","","68.5"
"2018-03","苗栗農改場","*","65.5"
"2018-02","苗栗農改場","","XXX"
"2018-01","苗栗農改場","","172"
"2017-12","苗栗農改場","*","14"
"2017-11","苗栗農改場","","11"
"2017-10","苗栗農改場","","36"
"2017-09","苗栗農改場","","52"
"2017-08","苗栗農改場","*","32"
"2017-07","苗栗農改場","","323"
"2017-06","苗栗農改場","","708"
"2017-05","苗栗農改場","*","81"
"2017-04","苗栗農改場","*","121"
"2017-03","苗栗農改場","*","104.5"
"2017-02","苗栗農改場","*","64"
"2017-01","苗栗農改場","*","15"
"2016-12","苗栗農改場","*","6"
"2016-11","苗栗農改場","","XXX"
"2016-10","苗栗農改場","","9"
"2016-09","苗栗農改場","","193"
"2016-08","苗栗農改場","*","182"
"2016-07","苗栗農改場","*","28.5"
"2016-06","苗栗農改場","","176"
"2016-05","苗栗農改場","*","187.5"
"2016-04","苗栗農改場","","194"
"2016-03","苗栗農改場","","317.5"
"2016-02","苗栗農改場","","40.5"
"2016-01","苗栗農改場","","252.5"
"2015-12","苗栗農改場","*","69"
"2015-11","苗栗農改場","","2"
"2015-10","苗栗農改場","*","40.5"
"2015-09","苗栗農改場","","218"
"2015-08","苗栗農改場","","256.5"
"2015-07","苗栗農改場","","178"
"2015-06","苗栗農改場","","64.5"
"2015-05","苗栗農改場","","355.5"
"2015-04","苗栗農改場","","50"
"2015-03","苗栗農改場","*","62"
"2015-02","苗栗農改場","*","59.5"
"2015-01","苗栗農改場","*","20.5"
"2014-12","苗栗農改場","*","48"
"2014-11","苗栗農改場","*","1"
"2014-10","苗栗農改場","*","6.5"
"2014-09","苗栗農改場","","44"
"2014-08","苗栗農改場","","153"
"2014-07","苗栗農改場","","44"
"2014-06","苗栗農改場","","222.5"
"2014-05","苗栗農改場","","479"
"2014-04","苗栗農改場","","39.5"
"2014-03","苗栗農改場","","91.5"
"2014-02","苗栗農改場","","90.5"
"2014-01","苗栗農改場","","0.5"
"2013-12","苗栗農改場","","117.5"
"2013-11","苗栗農改場","*","25"
"2013-10","苗栗農改場","","42"
"2013-09","苗栗農改場","","94"
"2013-08","苗栗農改場","","610"
"2013-07","苗栗農改場","","532"
"2013-06","苗栗農改場","","105.5"
"2013-05","苗栗農改場","","330"
"2013-04","苗栗農改場","","232.5"
"2013-03","苗栗農改場","","67.5"
"2013-02","苗栗農改場","","6.5"
"2013-01","苗栗農改場","","35"
"2012-12","苗栗農改場","","83.5"
"2012-11","苗栗農改場","","205"
"2012-10","苗栗農改場","","9.5"
"2012-09","苗栗農改場","","95"
"2012-08","苗栗農改場","","797"
"2012-07","苗栗農改場","","135"
"2012-06","苗栗農改場","","279.5"
"2012-05","苗栗農改場","","194.5"
"2012-04","苗栗農改場","","247.5"
"2012-03","苗栗農改場","","53.5"
"2012-02","苗栗農改場","","167.5"
"2012-01","苗栗農改場","","143.5"
"2011-12","苗栗農改場","","50.5"
"2011-11","苗栗農改場","","179"
"2011-10","苗栗農改場","","10.5"
"2011-09","苗栗農改場","","29.5"
"2011-08","苗栗農改場","","67"
"2011-07","苗栗農改場","","358.5"
"2011-06","苗栗農改場","","183"
"2011-05","苗栗農改場","","176"
"2011-04","苗栗農改場","","3"
"2011-03","苗栗農改場","","64"
"2011-02","苗栗農改場","","38.5"
"2011-01","苗栗農改場","","48"
"2010-12","苗栗農改場","","46.5"
"2010-11","苗栗農改場","","10"
"2010-10","苗栗農改場","","10"
"2010-09","苗栗農改場","","240.5"
"2010-08","苗栗農改場","","98.5"
"2010-07","苗栗農改場","","137.5"
"2010-06","苗栗農改場","","471"
"2010-05","苗栗農改場","","226"
"2010-04","苗栗農改場","","128.5"
"2010-03","苗栗農改場","","53"
"2010-02","苗栗農改場","","209.5"
"2010-01","苗栗農改場","","48.5"
"2023-03","花蓮農改場","","44"
"2023-02","花蓮農改場","","32"
"2023-01","花蓮農改場","","167"
"2022-12","花蓮農改場","","32.5"
"2022-11","花蓮農改場","","124.5"
"2022-10","花蓮農改場","","858.5"
"2022-09","花蓮農改場","","164.5"
"2022-08","花蓮農改場","","62.5"
"2022-07","花蓮農改場","","104"
"2022-06","花蓮農改場","","106.5"
"2022-05","花蓮農改場","","318.5"
"2022-04","花蓮農改場","","85.5"
"2022-03","花蓮農改場","","45"
"2022-02","花蓮農改場","","82.5"
"2022-01","花蓮農改場","","163"
"2021-12","花蓮農改場","","36"
"2021-11","花蓮農改場","","88.5"
"2021-10","花蓮農改場","","708"
"2021-09","花蓮農改場","","226.5"
"2021-08","花蓮農改場","","113.5"
"2021-07","花蓮農改場","","41.5"
"2021-06","花蓮農改場","","116.5"
"2021-05","花蓮農改場","","138.5"
"2021-04","花蓮農改場","","103.5"
"2019-12","花蓮農改場","*","72.5"
"2019-11","花蓮農改場","*","102.5"
"2019-10","花蓮農改場","*","126.5"
"2019-09","花蓮農改場","*","248.5"
"2019-08","花蓮農改場","*","234"
"2019-07","花蓮農改場","","76"
"2019-06","花蓮農改場","","267.5"
"2019-05","花蓮農改場","","214.5"
"2019-04","花蓮農改場","*","71"
"2019-03","花蓮農改場","","123"
"2019-02","花蓮農改場","","XXX"
"2019-01","花蓮農改場","","73.5"
"2018-12","花蓮農改場","*","63.5"
"2018-11","花蓮農改場","*","127"
"2018-10","花蓮農改場","","118.5"
"2018-09","花蓮農改場","","265"
"2018-08","花蓮農改場","","437.5"
"2018-07","花蓮農改場","","46"
"2018-06","花蓮農改場","","107"
"2018-05","花蓮農改場","","29"
"2018-04","花蓮農改場","","30.5"
"2018-03","花蓮農改場","","58.5"
"2018-02","花蓮農改場","","42.5"
"2018-01","花蓮農改場","","97.5"
"2017-12","花蓮農改場","","66.5"
"2017-11","花蓮農改場","","99"
"2017-10","花蓮農改場","","981.5"
"2017-09","花蓮農改場","","59"
"2017-08","花蓮農改場","*","148.5"
"2017-07","花蓮農改場","","155"
"2017-06","花蓮農改場","","205"
"2017-05","花蓮農改場","","173"
"2017-04","花蓮農改場","*","123.5"
"2017-03","花蓮農改場","","108.5"
"2017-02","花蓮農改場","","37.5"
"2017-01","花蓮農改場","*","32.5"
"2016-12","花蓮農改場","*","26.5"
"2016-11","花蓮農改場","","173.5"
"2016-10","花蓮農改場","","752"
"2016-09","花蓮農改場","","947"
"2016-08","花蓮農改場","*","214.5"
"2016-07","花蓮農改場","","367.5"
"2016-06","花蓮農改場","*","161"
"2016-05","花蓮農改場","","112"
"2016-04","花蓮農改場","*","65.5"
"2016-03","花蓮農改場","","XXX"
"2016-02","花蓮農改場","","XXX"
"2016-01","花蓮農改場","","XXX"
"2015-12","花蓮農改場","","XXX"
"2015-11","花蓮農改場","","XXX"
"2015-10","花蓮農改場","","61.5"
"2015-09","花蓮農改場","*","78"
"2015-08","花蓮農改場","*","494"
"2015-07","花蓮農改場","","59"
"2015-06","花蓮農改場","","74.5"
"2015-05","花蓮農改場","","146.5"
"2015-04","花蓮農改場","*","50.5"
"2015-03","花蓮農改場","","97.5"
"2015-02","花蓮農改場","","28.5"
"2015-01","花蓮農改場","","23.5"
"2014-12","花蓮農改場","*","36.5"
"2014-11","花蓮農改場","","68.5"
"2014-10","花蓮農改場","","23.5"
"2014-09","花蓮農改場","","186.5"
"2014-08","花蓮農改場","*","112.5"
"2014-07","花蓮農改場","","380"
"2014-06","花蓮農改場","","87"
"2014-05","花蓮農改場","","222.5"
"2014-04","花蓮農改場","","73"
"2014-03","花蓮農改場","*","11"
"2014-02","花蓮農改場","","XXX"
"2014-01","花蓮農改場","","0"
"2013-12","花蓮農改場","","2.5"
"2013-11","花蓮農改場","","128.5"
"2013-10","花蓮農改場","","215.5"
"2013-09","花蓮農改場","","543.5"
"2013-08","花蓮農改場","","76.5"
"2013-07","花蓮農改場","","39.5"
"2013-06","花蓮農改場","","86"
"2013-05","花蓮農改場","","354.5"
"2013-04","花蓮農改場","","139"
"2013-03","花蓮農改場","","27"
"2013-02","花蓮農改場","","59.5"
"2013-01","花蓮農改場","","58.5"
"2012-12","花蓮農改場","","130.5"
"2012-11","花蓮農改場","*","87.3"
"2012-10","花蓮農改場","","77.5"
"2012-09","花蓮農改場","","31"
"2012-08","花蓮農改場","","587.5"
"2012-07","花蓮農改場","","309"
"2012-06","花蓮農改場","","281.5"
"2012-05","花蓮農改場","","199"
"2012-04","花蓮農改場","","71.5"
"2012-03","花蓮農改場","","81.5"
"2012-02","花蓮農改場","","78"
"2012-01","花蓮農改場","*","53"
"2011-12","花蓮農改場","","83.5"
"2011-11","花蓮農改場","","468.5"
"2011-10","花蓮農改場","","488"
"2011-09","花蓮農改場","","147.5"
"2011-08","花蓮農改場","","446.5"
"2011-07","花蓮農改場","","97.5"
"2011-06","花蓮農改場","","80.5"
"2011-05","花蓮農改場","","197.5"
"2011-04","花蓮農改場","","52.5"
"2011-03","花蓮農改場","","63.5"
"2011-02","花蓮農改場","","43"
"2011-01","花蓮農改場","","25"
"2010-12","花蓮農改場","","33"
"2010-11","花蓮農改場","","81.5"
"2010-10","花蓮農改場","","561"
"2010-09","花蓮農改場","","271.5"
"2010-08","花蓮農改場","","86.5"
"2010-07","花蓮農改場","","86.5"
"2010-06","花蓮農改場","","106"
"2010-05","花蓮農改場","","108"
"2010-04","花蓮農改場","","67.5"
"2010-03","花蓮農改場","","17.5"
"2010-02","花蓮農改場","","90.5"
"2010-01","花蓮農改場","","80.5"
"2023-03","臺西水試所","","8"
"2023-02","臺西水試所","","7.5"
"2023-01","臺西水試所","","4"
"2022-12","臺西水試所","","11"
"2022-11","臺西水試所","","0"
"2022-10","臺西水試所","","0"
"2022-09","臺西水試所","","13.5"
"2022-08","臺西水試所","","145.5"
"2022-07","臺西水試所","","92.5"
"2022-06","臺西水試所","","176.5"
"2022-05","臺西水試所","","291"
"2022-04","臺西水試所","","17.5"
"2022-03","臺西水試所","","92.5"
"2022-02","臺西水試所","","77"
"2022-01","臺西水試所","","25"
"2021-12","臺西水試所","","15.5"
"2021-11","臺西水試所","","4"
"2021-10","臺西水試所","","17.5"
"2021-09","臺西水試所","","25"
"2021-08","臺西水試所","","596"
"2021-07","臺西水試所","","57.5"
"2021-06","臺西水試所","","417.5"
"2021-05","臺西水試所","","84"
"2021-04","臺西水試所","","38.5"
"2021-03","臺西水試所","","5.5"
"2021-02","臺西水試所","","12.5"
"2021-01","臺西水試所","","1"
"2020-12","臺西水試所","","無資料"
"2020-11","臺西水試所","","無資料"
"2023-03","臺東茶改場","","8.5"
"2023-02","臺東茶改場","","13.5"
"2023-01","臺東茶改場","","36.5"
"2022-12","臺東茶改場","","14.5"
"2022-11","臺東茶改場","","54"
"2022-10","臺東茶改場","","431.5"
"2022-09","臺東茶改場","*","113"
"2022-08","臺東茶改場","","195"
"2022-07","臺東茶改場","","65"
"2022-06","臺東茶改場","","182"
"2022-05","臺東茶改場","","200"
"2022-04","臺東茶改場","","216.5"
"2022-03","臺東茶改場","","43"
"2022-02","臺東茶改場","","66"
"2022-01","臺東茶改場","","136"
"2021-12","臺東茶改場","","27"
"2021-11","臺東茶改場","*","7.5"
"2021-10","臺東茶改場","","809.5"
"2021-09","臺東茶改場","","119.5"
"2021-08","臺東茶改場","","277.5"
"2021-07","臺東茶改場","","126.5"
"2021-06","臺東茶改場","","151"
"2021-05","臺東茶改場","","73.5"
"2021-04","臺東茶改場","","43"
"2023-03","臺大雲林校區","","15"
"2023-02","臺大雲林校區","","6"
"2023-01","臺大雲林校區","","3"
"2022-12","臺大雲林校區","","16"
"2022-11","臺大雲林校區","","1.5"
"2022-10","臺大雲林校區","","5"
"2022-09","臺大雲林校區","","32"
"2022-08","臺大雲林校區","","369.5"
"2022-07","臺大雲林校區","","36.5"
"2022-06","臺大雲林校區","","197.5"
"2022-05","臺大雲林校區","","288.5"
"2022-04","臺大雲林校區","","35.5"
"2022-03","臺大雲林校區","","93"
"2022-02","臺大雲林校區","","82"
"2022-01","臺大雲林校區","","22.5"
"2021-12","臺大雲林校區","","21"
"2021-11","臺大雲林校區","","5"
"2021-10","臺大雲林校區","","8.5"
"2021-09","臺大雲林校區","","38"
"2021-08","臺大雲林校區","","442.5"
"2021-07","臺大雲林校區","","122"
"2021-06","臺大雲林校區","","632"
"2021-05","臺大雲林校區","","95.5"
"2021-04","臺大雲林校區","","30"
"2021-03","臺大雲林校區","","7.5"
"2021-02","臺大雲林校區","","28"
"2021-01","臺大雲林校區","","1.5"
"2020-12","臺大雲林校區","","無資料"
"2020-11","臺大雲林校區","","無資料"
"2023-03","臺大竹山","","24"
"2023-02","臺大竹山","","3.5"
"2023-01","臺大竹山","","18"
"2022-12","臺大竹山","","15.5"
"2022-11","臺大竹山","","1"
"2022-10","臺大竹山","","22"
"2022-09","臺大竹山","","182.5"
"2022-08","臺大竹山","","404"
"2022-07","臺大竹山","","217"
"2022-06","臺大竹山","","466"
"2022-05","臺大竹山","","362"
"2022-04","臺大竹山","","175.5"
"2022-03","臺大竹山","","118.5"
"2022-02","臺大竹山","","109"
"2022-01","臺大竹山","","33"
"2021-12","臺大竹山","","23"
"2021-11","臺大竹山","","9.5"
"2021-10","臺大竹山","","17"
"2021-09","臺大竹山","","157"
"2021-08","臺大竹山","","652.5"
"2021-07","臺大竹山","","432.5"
"2021-06","臺大竹山","","965.5"
"2021-05","臺大竹山","","139"
"2021-04","臺大竹山","","35"
"2021-03","臺大竹山","","12"
"2021-02","臺大竹山","","27"
"2021-01","臺大竹山","","8.5"
"2020-12","臺大竹山","","38"
"2020-11","臺大竹山","","17"
"2022-05","臺大溪頭","","424"
"2022-04","臺大溪頭","","88"
"2022-03","臺大溪頭","","131.5"
"2022-02","臺大溪頭","","158.5"
"2022-01","臺大溪頭","","76.5"
"2021-12","臺大溪頭","","29.5"
"2021-11","臺大溪頭","","30"
"2021-10","臺大溪頭","","57"
"2021-09","臺大溪頭","","173.5"
"2021-08","臺大溪頭","","722"
"2021-07","臺大溪頭","","354"
"2021-06","臺大溪頭","","652"
"2021-05","臺大溪頭","","124.5"
"2021-04","臺大溪頭","","20"
"2021-03","臺大溪頭","","27"
"2021-02","臺大溪頭","","26.5"
"2021-01","臺大溪頭","","66"
"2023-03","臺大和社","","30.5"
"2023-02","臺大和社","","1"
"2023-01","臺大和社","","28.5"
"2022-12","臺大和社","","32"
"2022-11","臺大和社","","38.5"
"2022-10","臺大和社","","38"
"2022-09","臺大和社","","223"
"2022-08","臺大和社","","127"
"2022-07","臺大和社","","144.5"
"2022-06","臺大和社","","139"
"2022-05","臺大和社","","322.5"
"2022-04","臺大和社","","47"
"2022-03","臺大和社","","76"
"2022-02","臺大和社","","137"
"2022-01","臺大和社","","60.5"
"2021-12","臺大和社","","23"
"2021-11","臺大和社","","30"
"2021-10","臺大和社","","53"
"2021-09","臺大和社","","87"
"2021-08","臺大和社","","622"
"2021-07","臺大和社","","216.5"
"2021-06","臺大和社","","333.5"
"2021-05","臺大和社","","71.5"
"2021-04","臺大和社","","21"
"2021-03","臺大和社","","18"
"2021-02","臺大和社","","25"
"2021-01","臺大和社","","10"
"2020-12","臺大和社","","無資料"
"2020-11","臺大和社","","無資料"
"2023-03","臺大內茅埔","","31.5"
"2023-02","臺大內茅埔","","1"
"2023-01","臺大內茅埔","","18"
"2022-12","臺大內茅埔","","35"
"2022-11","臺大內茅埔","","10"
"2022-10","臺大內茅埔","","36"
"2022-09","臺大內茅埔","","216.5"
"2022-08","臺大內茅埔","","136"
"2022-07","臺大內茅埔","","93.5"
"2022-06","臺大內茅埔","","131"
"2022-05","臺大內茅埔","","313.5"
"2022-04","臺大內茅埔","","49"
"2022-03","臺大內茅埔","","99.5"
"2022-02","臺大內茅埔","","120.5"
"2022-01","臺大內茅埔","","54.5"
"2021-12","臺大內茅埔","","16"
"2021-11","臺大內茅埔","","20.5"
"2021-10","臺大內茅埔","","41"
"2021-09","臺大內茅埔","","116"
"2021-08","臺大內茅埔","","517"
"2021-07","臺大內茅埔","","331.5"
"2021-06","臺大內茅埔","","417.5"
"2021-05","臺大內茅埔","","84.5"
"2021-04","臺大內茅埔","","50"
"2021-03","臺大內茅埔","","16"
"2021-02","臺大內茅埔","","22.5"
"2021-01","臺大內茅埔","","7.5"
"2020-12","臺大內茅埔","","無資料"
"2020-11","臺大內茅埔","","無資料"
"2023-03","臺南農改場","","1"
"2023-02","臺南農改場","","0.5"
"2023-01","臺南農改場","","1"
"2022-12","臺南農改場","","10.5"
"2022-11","臺南農改場","","1.5"
"2022-10","臺南農改場","","26.5"
"2022-09","臺南農改場","","48"
"2022-08","臺南農改場","","511"
"2022-07","臺南農改場","","166"
"2022-06","臺南農改場","","197.5"
"2022-05","臺南農改場","","239.5"
"2022-04","臺南農改場","","0"
"2022-03","臺南農改場","","21.5"
"2022-02","臺南農改場","","39"
"2022-01","臺南農改場","","38.5"
"2021-12","臺南農改場","","12"
"2021-11","臺南農改場","","5.5"
"2021-10","臺南農改場","","31.5"
"2021-09","臺南農改場","","225"
"2021-08","臺南農改場","","917"
"2021-07","臺南農改場","","439"
"2021-06","臺南農改場","","1059"
"2021-05","臺南農改場","","59"
"2021-04","臺南農改場","","19.5"
"2023-03","臺南蘭花園區","","1.5"
"2023-02","臺南蘭花園區","","0"
"2023-01","臺南蘭花園區","","8.5"
"2022-12","臺南蘭花園區","","9.5"
"2022-11","臺南蘭花園區","","0.5"
"2022-10","臺南蘭花園區","","4.5"
"2022-09","臺南蘭花園區","","44"
"2022-08","臺南蘭花園區","","310.5"
"2022-07","臺南蘭花園區","","169"
"2022-06","臺南蘭花園區","","273"
"2022-05","臺南蘭花園區","","243"
"2022-04","臺南蘭花園區","","29.5"
"2022-03","臺南蘭花園區","","36.5"
"2022-02","臺南蘭花園區","","69"
"2022-01","臺南蘭花園區","","38"
"2021-12","臺南蘭花園區","","22.5"
"2021-11","臺南蘭花園區","","14"
"2021-10","臺南蘭花園區","","11"
"2021-09","臺南蘭花園區","","75"
"2021-08","臺南蘭花園區","","567"
"2021-07","臺南蘭花園區","","175"
"2021-06","臺南蘭花園區","","566"
"2021-05","臺南蘭花園區","","97.5"
"2021-04","臺南蘭花園區","","22"
"2017-12","義竹工作站","","2.5"
"2017-11","義竹工作站","","10.5"
"2017-10","義竹工作站","","25.5"
"2017-09","義竹工作站","","14.5"
"2017-08","義竹工作站","","145.5"
"2017-07","義竹工作站","","505"
"2017-06","義竹工作站","","372"
"2017-05","義竹工作站","","81.5"
"2017-04","義竹工作站","","109.5"
"2017-03","義竹工作站","","13.5"
"2017-02","義竹工作站","","1.5"
"2017-01","義竹工作站","","0"
"2016-12","義竹工作站","*","9.5"
"2016-11","義竹工作站","","35.5"
"2016-10","義竹工作站","","33.5"
"2016-09","義竹工作站","","XXX"
"2016-08","義竹工作站","","XXX"
"2016-07","義竹工作站","","XXX"
"2016-06","義竹工作站","","XXX"
"2016-05","義竹工作站","","XXX"
"2016-04","義竹工作站","*","10"
"2016-03","義竹工作站","","89"
"2016-02","義竹工作站","","14.5"
"2016-01","義竹工作站","","112"
"2015-12","義竹工作站","*","37"
"2015-11","義竹工作站","","2.5"
"2015-10","義竹工作站","","10"
"2015-09","義竹工作站","","383"
"2015-08","義竹工作站","","517"
"2015-07","義竹工作站","","277"
"2015-06","義竹工作站","","41.5"
"2015-05","義竹工作站","*","381.5"
"2015-04","義竹工作站","","53"
"2015-03","義竹工作站","","16"
"2015-02","義竹工作站","","60"
"2015-01","義竹工作站","","6"
"2014-12","義竹工作站","","14"
"2014-11","義竹工作站","","5"
"2014-10","義竹工作站","","0"
"2014-09","義竹工作站","*","71"
"2014-08","義竹工作站","*","240.5"
"2014-07","義竹工作站","*","94.5"
"2014-06","義竹工作站","*","260.5"
"2014-05","義竹工作站","*","142.5"
"2014-04","義竹工作站","*","20.5"
"2014-03","義竹工作站","","74"
"2014-02","義竹工作站","","21"
"2014-01","義竹工作站","","0"
"2013-12","義竹工作站","","27.5"
"2013-11","義竹工作站","","11"
"2013-10","義竹工作站","","3"
"2013-09","義竹工作站","","54"
"2013-08","義竹工作站","","982.5"
"2013-07","義竹工作站","","153"
"2013-06","義竹工作站","","160.5"
"2013-05","義竹工作站","","258"
"2013-04","義竹工作站","","100.5"
"2013-03","義竹工作站","","12.5"
"2013-02","義竹工作站","","5.5"
"2013-01","義竹工作站","","12.5"
"2012-12","義竹工作站","","38"
"2012-11","義竹工作站","","70.5"
"2012-10","義竹工作站","","0"
"2012-09","義竹工作站","","19"
"2012-08","義竹工作站","","444.5"
"2012-07","義竹工作站","","168.5"
"2012-06","義竹工作站","","613.5"
"2012-05","義竹工作站","*","178"
"2012-04","義竹工作站","","79"
"2012-03","義竹工作站","","13.5"
"2012-02","義竹工作站","","46"
"2012-01","義竹工作站","","16"
"2011-12","義竹工作站","","8"
"2011-11","義竹工作站","","178"
"2011-10","義竹工作站","","20"
"2011-09","義竹工作站","","14"
"2011-08","義竹工作站","","133"
"2011-07","義竹工作站","","45"
"2011-06","義竹工作站","","207.5"
"2011-05","義竹工作站","","74"
"2011-04","義竹工作站","","8.5"
"2011-03","義竹工作站","","22.5"
"2011-02","義竹工作站","","16.5"
"2011-01","義竹工作站","","15"
"2010-12","義竹工作站","","17.5"
"2010-11","義竹工作站","","17"
"2010-10","義竹工作站","","22"
"2010-09","義竹工作站","","271"
"2010-08","義竹工作站","","69.5"
"2010-07","義竹工作站","","472.5"
"2010-06","義竹工作站","","174.5"
"2010-05","義竹工作站","","108.5"
"2010-04","義竹工作站","","49"
"2010-03","義竹工作站","","6"
"2010-02","義竹工作站","","23.5"
"2010-01","義竹工作站","","12.5"
"2023-03","義竹分場","","5.5"
"2023-02","義竹分場","","0"
"2023-01","義竹分場","","12.5"
"2022-12","義竹分場","","14"
"2022-11","義竹分場","","2"
"2022-10","義竹分場","","6"
"2022-09","義竹分場","","37"
"2022-08","義竹分場","","126.5"
"2022-07","義竹分場","","75"
"2022-06","義竹分場","","194.5"
"2022-05","義竹分場","","356.5"
"2022-04","義竹分場","","92.5"
"2022-03","義竹分場","","49.5"
"2022-02","義竹分場","","90.5"
"2022-01","義竹分場","","32.5"
"2021-12","義竹分場","","17.5"
"2021-11","義竹分場","","17"
"2021-10","義竹分場","","9"
"2021-09","義竹分場","","21"
"2021-08","義竹分場","","691.5"
"2021-07","義竹分場","","129"
"2021-06","義竹分場","","562.5"
"2021-05","義竹分場","","166.5"
"2021-04","義竹分場","","13"
"2023-03","種苗繁殖場","","20"
"2023-02","種苗繁殖場","","8.5"
"2023-01","種苗繁殖場","","9"
"2022-12","種苗繁殖場","","27"
"2022-11","種苗繁殖場","","25.5"
"2022-10","種苗繁殖場","","21"
"2022-09","種苗繁殖場","","128.5"
"2022-08","種苗繁殖場","","169.5"
"2022-07","種苗繁殖場","","197"
"2022-06","種苗繁殖場","","507"
"2022-05","種苗繁殖場","","555.5"
"2022-04","種苗繁殖場","","43"
"2022-03","種苗繁殖場","","197.5"
"2022-02","種苗繁殖場","","160"
"2022-01","種苗繁殖場","","45"
"2021-12","種苗繁殖場","","26.5"
"2021-11","種苗繁殖場","","8.5"
"2021-10","種苗繁殖場","","19.5"
"2021-09","種苗繁殖場","","86.5"
"2021-08","種苗繁殖場","","872.5"
"2021-07","種苗繁殖場","","255.5"
"2021-06","種苗繁殖場","","521.5"
"2021-05","種苗繁殖場","","232"
"2021-04","種苗繁殖場","","16"
"2021-03","種苗繁殖場","","37"
"2021-02","種苗繁殖場","","28.5"
"2021-01","種苗繁殖場","","11.5"
"2020-12","種苗繁殖場","","15"
"2020-11","種苗繁殖場","","9.5"
"2020-10","種苗繁殖場","","2"
"2020-09","種苗繁殖場","","13"
"2020-08","種苗繁殖場","","255"
"2020-07","種苗繁殖場","","182"
"2020-06","種苗繁殖場","","159.5"
"2023-03","畜產試驗所","","1"
"2023-02","畜產試驗所","","0"
"2023-01","畜產試驗所","","1.5"
"2022-12","畜產試驗所","","12"
"2022-11","畜產試驗所","","1"
"2022-10","畜產試驗所","","22"
"2022-09","畜產試驗所","","41"
"2022-08","畜產試驗所","","475"
"2022-07","畜產試驗所","","103"
"2022-06","畜產試驗所","","156"
"2022-05","畜產試驗所","","252"
"2022-04","畜產試驗所","","6.5"
"2022-03","畜產試驗所","","33.5"
"2022-02","畜產試驗所","","70"
"2022-01","畜產試驗所","","40.5"
"2021-12","畜產試驗所","","11"
"2021-11","畜產試驗所","","5"
"2021-10","畜產試驗所","","28.5"
"2021-09","畜產試驗所","","198"
"2021-08","畜產試驗所","","917"
"2021-07","畜產試驗所","","436.5"
"2021-06","畜產試驗所","","1062"
"2021-05","畜產試驗所","","59.5"
"2021-04","畜產試驗所","","26"
"2019-12","畜產試驗所","*","65.5"
"2019-11","畜產試驗所","*","0"
"2019-10","畜產試驗所","*","1"
"2019-09","畜產試驗所","*","264.5"
"2019-08","畜產試驗所","*","677.5"
"2019-07","畜產試驗所","","427.5"
"2019-06","畜產試驗所","","326.5"
"2019-05","畜產試驗所","*","184.5"
"2019-04","畜產試驗所","*","98.5"
"2019-03","畜產試驗所","","49.5"
"2019-02","畜產試驗所","","2.5"
"2019-01","畜產試驗所","","1"
"2018-12","畜產試驗所","*","0"
"2018-11","畜產試驗所","*","1"
"2018-10","畜產試驗所","","XXX"
"2018-09","畜產試驗所","","XXX"
"2018-08","畜產試驗所","","XXX"
"2018-07","畜產試驗所","*","523.5"
"2018-06","畜產試驗所","","620"
"2018-05","畜產試驗所","","XXX"
"2018-04","畜產試驗所","","2.5"
"2018-03","畜產試驗所","","0.5"
"2018-02","畜產試驗所","","XXX"
"2018-01","畜產試驗所","","21.5"
"2017-12","畜產試驗所","*","0"
"2017-11","畜產試驗所","","1"
"2017-10","畜產試驗所","*","4.5"
"2017-09","畜產試驗所","","89.5"
"2017-08","畜產試驗所","","152.5"
"2017-07","畜產試驗所","","478.5"
"2017-06","畜產試驗所","","344"
"2017-05","畜產試驗所","","XXX"
"2017-04","畜產試驗所","*","106.5"
"2017-03","畜產試驗所","","6"
"2017-02","畜產試驗所","*","1.5"
"2017-01","畜產試驗所","*","0"
"2016-12","畜產試驗所","","XXX"
"2016-11","畜產試驗所","*","62"
"2016-10","畜產試驗所","*","79.5"
"2016-09","畜產試驗所","*","1319"
"2016-08","畜產試驗所","","198.5"
"2016-07","畜產試驗所","*","410.5"
"2016-06","畜產試驗所","*","505"
"2016-05","畜產試驗所","*","96.5"
"2016-04","畜產試驗所","*","249"
"2016-03","畜產試驗所","","96.5"
"2016-02","畜產試驗所","","14"
"2016-01","畜產試驗所","","200"
"2015-12","畜產試驗所","","20.5"
"2015-11","畜產試驗所","","0"
"2015-10","畜產試驗所","","130"
"2015-09","畜產試驗所","","205.5"
"2015-08","畜產試驗所","*","647"
"2015-07","畜產試驗所","","369"
"2015-06","畜產試驗所","","2.5"
"2015-05","畜產試驗所","","435.5"
"2015-04","畜產試驗所","","49"
"2015-03","畜產試驗所","","0"
"2015-02","畜產試驗所","","26.5"
"2015-01","畜產試驗所","","10.5"
"2014-12","畜產試驗所","*","12"
"2014-11","畜產試驗所","","0"
"2014-10","畜產試驗所","*","16.5"
"2014-09","畜產試驗所","","187"
"2014-08","畜產試驗所","","608.5"
"2014-07","畜產試驗所","","203"
"2014-06","畜產試驗所","","214.5"
"2014-05","畜產試驗所","*","158.5"
"2014-04","畜產試驗所","*","14"
"2014-03","畜產試驗所","*","38.5"
"2014-02","畜產試驗所","*","15"
"2014-01","畜產試驗所","","0"
"2013-12","畜產試驗所","*","30.5"
"2013-11","畜產試驗所","","7"
"2013-10","畜產試驗所","*","0"
"2013-09","畜產試驗所","","99.5"
"2013-08","畜產試驗所","*","1310.5"
"2013-07","畜產試驗所","","228.5"
"2013-06","畜產試驗所","","186"
"2013-05","畜產試驗所","","277"
"2013-04","畜產試驗所","","137.5"
"2013-03","畜產試驗所","","18.5"
"2013-02","畜產試驗所","","0"
"2013-01","畜產試驗所","","9.5"
"2012-12","畜產試驗所","","26"
"2012-11","畜產試驗所","","97.5"
"2012-10","畜產試驗所","","2"
"2012-09","畜產試驗所","","51.5"
"2012-08","畜產試驗所","","631"
"2012-07","畜產試驗所","","149.5"
"2012-06","畜產試驗所","","895"
"2012-05","畜產試驗所","*","203.5"
"2012-04","畜產試驗所","","143"
"2012-03","畜產試驗所","","6.5"
"2012-02","畜產試驗所","","35.5"
"2012-01","畜產試驗所","","7.5"
"2011-12","畜產試驗所","","9.5"
"2011-11","畜產試驗所","","191.5"
"2011-10","畜產試驗所","","39.5"
"2011-09","畜產試驗所","","65.5"
"2011-08","畜產試驗所","*","250"
"2011-07","畜產試驗所","","252.5"
"2011-06","畜產試驗所","","238"
"2011-05","畜產試驗所","","61.5"
"2011-04","畜產試驗所","","31"
"2011-03","畜產試驗所","","7.5"
"2011-02","畜產試驗所","","10.5"
"2011-01","畜產試驗所","","9.5"
"2010-12","畜產試驗所","","19.5"
"2010-11","畜產試驗所","","57"
"2010-10","畜產試驗所","","39"
"2010-09","畜產試驗所","","734.5"
"2010-08","畜產試驗所","","206.5"
"2010-07","畜產試驗所","","624.5"
"2010-06","畜產試驗所","","257"
"2010-05","畜產試驗所","","189.5"
"2010-04","畜產試驗所","","40"
"2010-03","畜產試驗所","","0.5"
"2010-02","畜產試驗所","","36"
"2010-01","畜產試驗所","","14"
"2023-03","班鳩分場","","18"
"2023-02","班鳩分場","","29"
"2023-01","班鳩分場","","22.5"
"2022-12","班鳩分場","","15.5"
"2022-11","班鳩分場","","63.5"
"2022-10","班鳩分場","","352"
"2022-09","班鳩分場","","103.5"
"2022-08","班鳩分場","","188"
"2022-07","班鳩分場","","31.5"
"2022-06","班鳩分場","*","173"
"2022-05","班鳩分場","","174"
"2022-04","班鳩分場","","221.5"
"2022-03","班鳩分場","","31"
"2022-02","班鳩分場","","62.5"
"2022-01","班鳩分場","","128.5"
"2021-12","班鳩分場","","38"
"2021-11","班鳩分場","","47"
"2021-10","班鳩分場","","709"
"2021-09","班鳩分場","","122.5"
"2021-08","班鳩分場","","348.5"
"2021-07","班鳩分場","","115.5"
"2021-06","班鳩分場","","176"
"2021-05","班鳩分場","","107.5"
"2021-04","班鳩分場","","59.5"
"2017-12","溪頭營林區","","31.5"
"2017-11","溪頭營林區","","50.5"
"2017-10","溪頭營林區","","78"
"2017-09","溪頭營林區","","94.5"
"2017-08","溪頭營林區","","127.5"
"2017-07","溪頭營林區","","522"
"2017-06","溪頭營林區","","1244.5"
"2017-05","溪頭營林區","*","184.5"
"2017-04","溪頭營林區","","236.5"
"2017-03","溪頭營林區","","72.5"
"2017-02","溪頭營林區","","12.5"
"2017-01","溪頭營林區","*","1"
"2016-12","溪頭營林區","*","24.5"
"2016-11","溪頭營林區","*","102"
"2016-10","溪頭營林區","","83.5"
"2016-09","溪頭營林區","","689"
"2016-08","溪頭營林區","","238.5"
"2016-07","溪頭營林區","*","233.5"
"2016-06","溪頭營林區","*","379"
"2016-05","溪頭營林區","","XXX"
"2016-04","溪頭營林區","","XXX"
"2016-03","溪頭營林區","","XXX"
"2016-02","溪頭營林區","","XXX"
"2016-01","溪頭營林區","","XXX"
"2015-12","溪頭營林區","","XXX"
"2015-11","溪頭營林區","","XXX"
"2015-10","溪頭營林區","","XXX"
"2015-09","溪頭營林區","","XXX"
"2015-08","溪頭營林區","","XXX"
"2015-07","溪頭營林區","","XXX"
"2015-06","溪頭營林區","","XXX"
"2015-05","溪頭營林區","","XXX"
"2015-04","溪頭營林區","","XXX"
"2015-03","溪頭營林區","","XXX"
"2015-02","溪頭營林區","","XXX"
"2015-01","溪頭營林區","","XXX"
"2014-12","溪頭營林區","","XXX"
"2014-11","溪頭營林區","","XXX"
"2014-10","溪頭營林區","","XXX"
"2014-09","溪頭營林區","","XXX"
"2014-08","溪頭營林區","","XXX"
"2014-07","溪頭營林區","","XXX"
"2014-06","溪頭營林區","","XXX"
"2014-05","溪頭營林區","","598.5"
"2014-04","溪頭營林區","","51.5"
"2014-03","溪頭營林區","*","91"
"2014-02","溪頭營林區","","64"
"2014-01","溪頭營林區","","0"
"2013-12","溪頭營林區","","105.5"
"2013-11","溪頭營林區","","30.5"
"2013-10","溪頭營林區","*","28"
"2013-09","溪頭營林區","*","188.5"
"2013-08","溪頭營林區","","無資料"
"2013-07","溪頭營林區","","無資料"
"2013-06","溪頭營林區","","127.5"
"2013-05","溪頭營林區","","490.5"
"2013-04","溪頭營林區","","290"
"2013-03","溪頭營林區","*","39.5"
"2013-02","溪頭營林區","","無資料"
"2013-01","溪頭營林區","","無資料"
"2012-12","溪頭營林區","","無資料"
"2012-11","溪頭營林區","","166.5"
"2012-10","溪頭營林區","","11.5"
"2012-09","溪頭營林區","","96.5"
"2012-08","溪頭營林區","","1006.5"
"2012-07","溪頭營林區","","150.5"
"2012-06","溪頭營林區","","729"
"2012-05","溪頭營林區","","459"
"2012-04","溪頭營林區","","279"
"2012-03","溪頭營林區","","27"
"2012-02","溪頭營林區","","96"
"2012-01","溪頭營林區","","81"
"2011-12","溪頭營林區","","43.5"
"2011-11","溪頭營林區","","210"
"2011-10","溪頭營林區","","102"
"2011-09","溪頭營林區","","54.5"
"2011-08","溪頭營林區","","233"
"2011-07","溪頭營林區","","239.5"
"2011-06","溪頭營林區","","238.5"
"2011-05","溪頭營林區","","359"
"2011-04","溪頭營林區","","21.5"
"2011-03","溪頭營林區","","62"
"2011-02","溪頭營林區","","27"
"2011-01","溪頭營林區","","84"
"2010-12","溪頭營林區","","56.5"
"2010-11","溪頭營林區","","75.5"
"2010-10","溪頭營林區","","43.5"
"2010-09","溪頭營林區","","334.5"
"2010-08","溪頭營林區","","265.5"
"2010-07","溪頭營林區","","164.5"
"2010-06","溪頭營林區","","295.5"
"2010-05","溪頭營林區","","218"
"2010-04","溪頭營林區","","199.5"
"2010-03","溪頭營林區","","20.5"
"2010-02","溪頭營林區","","85"
"2010-01","溪頭營林區","","52"
"2023-03","溪口農場","","4.5"
"2023-02","溪口農場","","0"
"2023-01","溪口農場","","8.5"
"2022-12","溪口農場","","25.5"
"2022-11","溪口農場","","3"
"2022-10","溪口農場","","4"
"2022-09","溪口農場","","37"
"2022-08","溪口農場","","337.5"
"2022-07","溪口農場","","78"
"2022-06","溪口農場","","279.5"
"2022-05","溪口農場","","269.5"
"2022-04","溪口農場","","56"
"2022-03","溪口農場","","95.5"
"2022-02","溪口農場","","90.5"
"2022-01","溪口農場","","27.5"
"2021-12","溪口農場","","24.5"
"2021-11","溪口農場","","6"
"2021-10","溪口農場","","7"
"2021-09","溪口農場","","22.5"
"2021-08","溪口農場","","635"
"2021-07","溪口農場","","149"
"2021-06","溪口農場","","691"
"2021-05","溪口農場","","115"
"2021-04","溪口農場","","32"
"2023-03","桃改新埔工作站","","25.5"
"2023-02","桃改新埔工作站","","12"
"2023-01","桃改新埔工作站","","5"
"2022-12","桃改新埔工作站","","41.5"
"2022-11","桃改新埔工作站","","74.5"
"2022-10","桃改新埔工作站","","55"
"2022-09","桃改新埔工作站","","278"
"2022-08","桃改新埔工作站","","47.5"
"2022-07","桃改新埔工作站","","24.5"
"2022-06","桃改新埔工作站","","281"
"2022-05","桃改新埔工作站","","482.5"
"2022-04","桃改新埔工作站","","122"
"2022-03","桃改新埔工作站","","248"
"2022-02","桃改新埔工作站","","227.5"
"2022-01","桃改新埔工作站","","78.5"
"2021-12","桃改新埔工作站","","55"
"2021-11","桃改新埔工作站","","44"
"2021-10","桃改新埔工作站","","101"
"2021-09","桃改新埔工作站","","29.5"
"2021-08","桃改新埔工作站","","304.5"
"2021-07","桃改新埔工作站","","188.5"
"2021-06","桃改新埔工作站","","116.5"
"2021-05","桃改新埔工作站","","133.5"
"2021-04","桃改新埔工作站","","57"
"2021-03","桃改新埔工作站","","103"
"2021-02","桃改新埔工作站","","43.5"
"2021-01","桃改新埔工作站","","21"
"2020-12","桃改新埔工作站","","無資料"
"2020-11","桃改新埔工作站","","無資料"
"2023-03","桃改台北分場","","29.5"
"2023-02","桃改台北分場","","22"
"2023-01","桃改台北分場","","17"
"2022-12","桃改台北分場","","86.5"
"2022-11","桃改台北分場","","117"
"2022-10","桃改台北分場","","346.5"
"2022-09","桃改台北分場","","265.5"
"2022-08","桃改台北分場","","86.5"
"2022-07","桃改台北分場","","194.5"
"2022-06","桃改台北分場","","252.5"
"2022-05","桃改台北分場","","503"
"2022-04","桃改台北分場","","91.5"
"2022-03","桃改台北分場","","215"
"2022-02","桃改台北分場","*","259.5"
"2022-01","桃改台北分場","","116"
"2021-12","桃改台北分場","","67"
"2021-11","桃改台北分場","","110.5"
"2021-10","桃改台北分場","","333.5"
"2021-09","桃改台北分場","","112"
"2021-08","桃改台北分場","","443.5"
"2021-07","桃改台北分場","","445.5"
"2021-06","桃改台北分場","*","303"
"2021-05","桃改台北分場","","103.5"
"2021-04","桃改台北分場","","62.5"
"2021-03","桃改台北分場","","95"
"2021-02","桃改台北分場","","42"
"2021-01","桃改台北分場","","68.5"
"2020-12","桃改台北分場","","無資料"
"2020-11","桃改台北分場","","無資料"
"2023-03","桃園農改場","","31.5"
"2023-02","桃園農改場","","57"
"2023-01","桃園農改場","","14.5"
"2022-12","桃園農改場","","68"
"2022-11","桃園農改場","","109"
"2022-10","桃園農改場","","184"
"2022-09","桃園農改場","","72.5"
"2022-08","桃園農改場","","47"
"2022-07","桃園農改場","","39"
"2022-06","桃園農改場","","272.5"
"2022-05","桃園農改場","","421.5"
"2022-04","桃園農改場","","55.5"
"2022-03","桃園農改場","","192"
"2022-02","桃園農改場","","244.5"
"2022-01","桃園農改場","","79"
"2021-12","桃園農改場","","88"
"2021-11","桃園農改場","","50"
"2021-10","桃園農改場","","113"
"2021-09","桃園農改場","","11"
"2021-08","桃園農改場","","224.5"
"2021-07","桃園農改場","","84.5"
"2021-06","桃園農改場","","165.5"
"2021-05","桃園農改場","","86.5"
"2021-04","桃園農改場","","58"
"2021-03","桃園農改場","","113.5"
"2021-02","桃園農改場","","63"
"2021-01","桃園農改場","","36"
"2020-12","桃園農改場","","79"
"2020-11","桃園農改場","","17"
"2020-10","桃園農改場","","18.5"
"2020-09","桃園農改場","","112.5"
"2020-08","桃園農改場","","134"
"2020-07","桃園農改場","","13"
"2020-06","桃園農改場","","13"
"2019-12","桃園農改場","*","183.5"
"2019-11","桃園農改場","","21.5"
"2019-10","桃園農改場","*","6.5"
"2019-09","桃園農改場","*","163.5"
"2019-08","桃園農改場","*","287.5"
"2019-07","桃園農改場","*","17"
"2019-06","桃園農改場","*","312"
"2019-05","桃園農改場","","586.5"
"2019-04","桃園農改場","*","122.5"
"2019-03","桃園農改場","","229"
"2019-02","桃園農改場","*","64.5"
"2019-01","桃園農改場","","43.5"
"2018-12","桃園農改場","*","58"
"2018-11","桃園農改場","","27.5"
"2018-10","桃園農改場","","XXX"
"2018-09","桃園農改場"," ","   XXX"
"2018-08","桃園農改場","*","103"
"2018-07","桃園農改場","","XXX"
"2018-06","桃園農改場","","XXX"
"2018-05","桃園農改場"," ","   XXX"
"2018-04","桃園農改場","*","19.5"
"2018-03","桃園農改場","","XXX"
"2018-02","桃園農改場","","XXX"
"2018-01","桃園農改場","","XXX"
"2017-12","桃園農改場","","XXX"
"2017-11","桃園農改場","*","38"
"2017-10","桃園農改場","*","140"
"2017-09","桃園農改場","*","7"
"2017-08","桃園農改場","*","4"
"2017-07","桃園農改場","*","15.5"
"2017-06","桃園農改場","*","530"
"2017-05","桃園農改場","*","29.5"
"2017-04","桃園農改場","*","46"
"2017-03","桃園農改場","*","58.5"
"2017-02","桃園農改場","*","41.5"
"2017-01","桃園農改場","","XXX"
"2016-12","桃園農改場","*","6"
"2016-11","桃園農改場","","111.5"
"2016-10","桃園農改場","","XXX"
"2016-09","桃園農改場","*","109.5"
"2016-08","桃園農改場","","XXX"
"2016-07","桃園農改場","*","8.5"
"2016-06","桃園農改場","*","262"
"2016-05","桃園農改場","*","83.5"
"2016-04","桃園農改場","","XXX"
"2016-03","桃園農改場","","XXX"
"2016-02","桃園農改場","","XXX"
"2016-01","桃園農改場","","291.5"
"2015-12","桃園農改場","*","91.5"
"2015-11","桃園農改場","*","5"
"2015-10","桃園農改場","*","73"
"2015-09","桃園農改場","*","112.5"
"2015-08","桃園農改場","*","172.5"
"2015-07","桃園農改場","","15"
"2015-06","桃園農改場","*","XXX"
"2015-05","桃園農改場","*","70"
"2015-04","桃園農改場","*","123"
"2015-03","桃園農改場","*","118"
"2015-02","桃園農改場","*","5"
"2015-01","桃園農改場","*","18.5"
"2014-12","桃園農改場","","63"
"2014-11","桃園農改場","*","29"
"2014-10","桃園農改場","","12"
"2014-09","桃園農改場","","0"
"2014-08","桃園農改場","","28.5"
"2014-07","桃園農改場","","35.5"
"2014-06","桃園農改場","*","154.5"
"2014-05","桃園農改場","*","364.5"
"2014-04","桃園農改場","*","92"
"2014-03","桃園農改場","","97.5"
"2014-02","桃園農改場","","160.5"
"2014-01","桃園農改場","","9"
"2013-12","桃園農改場","*","73.5"
"2013-11","桃園農改場","*","33.5"
"2013-10","桃園農改場","*","6.5"
"2013-09","桃園農改場","*","31.5"
"2013-08","桃園農改場","*","353"
"2013-07","桃園農改場","*","2"
"2013-06","桃園農改場","","45.5"
"2013-05","桃園農改場","","383.3"
"2013-04","桃園農改場","","266"
"2013-03","桃園農改場","","85.5"
"2013-02","桃園農改場","","42"
"2013-01","桃園農改場","*","68.5"
"2012-12","桃園農改場","*","37.5"
"2012-11","桃園農改場","","無資料"
"2012-10","桃園農改場","","34.5"
"2012-09","桃園農改場","","60"
"2012-08","桃園農改場","","398.5"
"2012-07","桃園農改場","","53"
"2012-06","桃園農改場","*","158"
"2012-05","桃園農改場","","212"
"2012-04","桃園農改場","*","164.5"
"2012-03","桃園農改場","","50"
"2012-02","桃園農改場","","133"
"2012-01","桃園農改場","","119"
"2011-12","桃園農改場","*","71.5"
"2011-11","桃園農改場","","289.5"
"2011-10","桃園農改場","","73.5"
"2011-09","桃園農改場","*","13.5"
"2011-08","桃園農改場","","31"
"2011-07","桃園農改場","","443"
"2011-06","桃園農改場","","191"
"2011-05","桃園農改場","","264"
"2011-04","桃園農改場","","27"
"2011-03","桃園農改場","","82.5"
"2011-02","桃園農改場","","57.5"
"2011-01","桃園農改場","","63.5"
"2010-12","桃園農改場","","56"
"2010-11","桃園農改場","","29.5"
"2010-10","桃園農改場","","75"
"2010-09","桃園農改場","","92"
"2010-08","桃園農改場","","138.5"
"2010-07","桃園農改場","","39"
"2010-06","桃園農改場","","144.5"
"2010-05","桃園農改場","","179"
"2010-04","桃園農改場","","125.5"
"2010-03","桃園農改場","","91"
"2010-02","桃園農改場","*","180"
"2010-01","桃園農改場","","92.5"
"2023-03","桃園茶改場","","38"
"2023-02","桃園茶改場","","39.5"
"2023-01","桃園茶改場","","32"
"2022-12","桃園茶改場","","117.5"
"2022-11","桃園茶改場","","136"
"2022-10","桃園茶改場","","279.5"
"2022-09","桃園茶改場","","500"
"2022-08","桃園茶改場","","185.5"
"2022-07","桃園茶改場","","58"
"2022-06","桃園茶改場","","262"
"2022-05","桃園茶改場","","586"
"2022-04","桃園茶改場","","111.5"
"2022-03","桃園茶改場","","278.5"
"2022-02","桃園茶改場","","329.5"
"2022-01","桃園茶改場","","105"
"2021-12","桃園茶改場","","72.5"
"2021-11","桃園茶改場","","85"
"2021-10","桃園茶改場","","249"
"2021-09","桃園茶改場","","40"
"2021-08","桃園茶改場","","289.5"
"2021-07","桃園茶改場","","281"
"2021-06","桃園茶改場","","159.5"
"2021-05","桃園茶改場","","122"
"2021-04","桃園茶改場","","71"
"2021-03","桃園茶改場","","94.5"
"2021-02","桃園茶改場","","36"
"2021-01","桃園茶改場","","51"
"2020-12","桃園茶改場","","107.5"
"2020-11","桃園茶改場","","19.5"
"2020-10","桃園茶改場","","33"
"2020-09","桃園茶改場","","161.5"
"2020-08","桃園茶改場","","1955.5"
"2020-07","桃園茶改場","","27.5"
"2020-06","桃園茶改場","","31.5"
"2023-03","林試畢祿溪站","","50.5"
"2023-02","林試畢祿溪站","","10.5"
"2023-01","林試畢祿溪站","","24.5"
"2022-12","林試畢祿溪站","","54"
"2022-11","林試畢祿溪站","*","98"
"2022-10","林試畢祿溪站","","287.5"
"2022-09","林試畢祿溪站","","144.5"
"2022-08","林試畢祿溪站","","67"
"2022-07","林試畢祿溪站","","77.5"
"2022-06","林試畢祿溪站","","181.5"
"2022-05","林試畢祿溪站","","527"
"2022-04","林試畢祿溪站","","109.5"
"2022-03","林試畢祿溪站","","245.5"
"2022-02","林試畢祿溪站","","348.5"
"2022-01","林試畢祿溪站","","160.5"
"2021-12","林試畢祿溪站","","90.5"
"2021-11","林試畢祿溪站","","56.5"
"2021-10","林試畢祿溪站","","464.5"
"2021-09","林試畢祿溪站","*","62"
"2021-08","林試畢祿溪站","","322"
"2021-07","林試畢祿溪站","","71"
"2021-06","林試畢祿溪站","","237.5"
"2021-05","林試畢祿溪站","","153"
"2021-04","林試畢祿溪站","","29.5"
"2021-03","林試畢祿溪站","","81.5"
"2021-02","林試畢祿溪站","","27.5"
"2021-01","林試畢祿溪站","","27.5"
"2020-12","林試畢祿溪站","","無資料"
"2020-11","林試畢祿溪站","","無資料"
"2023-03","林試扇平站","","0"
"2023-02","林試扇平站","","5"
"2023-01","林試扇平站","*","3.5"
"2022-12","林試扇平站","","20.5"
"2022-11","林試扇平站","","4"
"2022-10","林試扇平站","","55"
"2022-09","林試扇平站","","3"
"2022-08","林試扇平站","","155"
"2022-07","林試扇平站","","242"
"2022-06","林試扇平站","","345.5"
"2022-05","林試扇平站","*","482"
"2022-04","林試扇平站","","20.5"
"2022-03","林試扇平站","","45"
"2022-02","林試扇平站","","46"
"2022-01","林試扇平站","","55.5"
"2021-12","林試扇平站","","21"
"2021-11","林試扇平站","","13.5"
"2021-10","林試扇平站","","128"
"2021-09","林試扇平站","","243.5"
"2021-08","林試扇平站","*","2459.5"
"2021-07","林試扇平站","","599"
"2021-06","林試扇平站","","1215.5"
"2021-05","林試扇平站","","187.5"
"2021-04","林試扇平站","","57"
"2023-03","林試太麻里2","","10.5"
"2023-02","林試太麻里2","","20"
"2023-01","林試太麻里2","","27.5"
"2022-12","林試太麻里2","","14"
"2022-11","林試太麻里2","","43.5"
"2022-10","林試太麻里2","","403.5"
"2022-09","林試太麻里2","","79"
"2022-08","林試太麻里2","","139"
"2022-07","林試太麻里2","","80.5"
"2022-06","林試太麻里2","","120"
"2022-05","林試太麻里2","","189"
"2022-04","林試太麻里2","","145"
"2022-03","林試太麻里2","","39.5"
"2022-02","林試太麻里2","","33"
"2022-01","林試太麻里2","","151.5"
"2021-12","林試太麻里2","","49"
"2021-11","林試太麻里2","","55"
"2021-10","林試太麻里2","","581.5"
"2021-09","林試太麻里2","","74"
"2021-08","林試太麻里2","","226"
"2021-07","林試太麻里2","","87.5"
"2021-06","林試太麻里2","","160"
"2021-05","林試太麻里2","","12.5"
"2021-04","林試太麻里2","","37.5"
"2023-03","林試太麻里1","","19"
"2023-02","林試太麻里1","","30"
"2023-01","林試太麻里1","","47.5"
"2022-12","林試太麻里1","","18"
"2022-11","林試太麻里1","","64.5"
"2022-10","林試太麻里1","","448"
"2022-09","林試太麻里1","","88.5"
"2022-08","林試太麻里1","","146.5"
"2022-07","林試太麻里1","","81"
"2022-06","林試太麻里1","","143.5"
"2022-05","林試太麻里1","","229"
"2022-04","林試太麻里1","","137.5"
"2022-03","林試太麻里1","","50.5"
"2022-02","林試太麻里1","","43.5"
"2022-01","林試太麻里1","","154.5"
"2021-12","林試太麻里1","","57"
"2021-11","林試太麻里1","","71.5"
"2021-10","林試太麻里1","","686.5"
"2021-09","林試太麻里1","","78"
"2021-08","林試太麻里1","","263.5"
"2021-07","林試太麻里1","","111.5"
"2021-06","林試太麻里1","","205.5"
"2021-05","林試太麻里1","","27"
"2021-04","林試太麻里1","","21.5"
"2023-03","林試六龜中心","","0.5"
"2023-02","林試六龜中心","","5.5"
"2023-01","林試六龜中心","","0.5"
"2022-12","林試六龜中心","","20"
"2022-11","林試六龜中心","","6.5"
"2022-10","林試六龜中心","","59"
"2022-09","林試六龜中心","","106"
"2022-08","林試六龜中心","","367"
"2022-07","林試六龜中心","","232.5"
"2022-06","林試六龜中心","","361"
"2022-05","林試六龜中心","","592.5"
"2022-04","林試六龜中心","","15"
"2022-03","林試六龜中心","","43"
"2022-02","林試六龜中心","","55.5"
"2022-01","林試六龜中心","","52.5"
"2021-12","林試六龜中心","","13"
"2021-11","林試六龜中心","","10"
"2021-10","林試六龜中心","","59"
"2021-09","林試六龜中心","","332.5"
"2021-08","林試六龜中心","","2013"
"2021-07","林試六龜中心","","662.5"
"2021-06","林試六龜中心","","1215"
"2021-05","林試六龜中心","","172.5"
"2021-04","林試六龜中心","","38"
"2023-03","東港工作站","","0"
"2023-02","東港工作站","","0"
"2023-01","東港工作站","","0"
"2022-12","東港工作站","","10.5"
"2022-11","東港工作站","","0.5"
"2022-10","東港工作站","","28"
"2022-09","東港工作站","","33.5"
"2022-08","東港工作站","","97.5"
"2022-07","東港工作站","","195.5"
"2022-06","東港工作站","","109"
"2022-05","東港工作站","","282"
"2022-04","東港工作站","","0"
"2022-03","東港工作站","","26"
"2022-02","東港工作站","","29"
"2022-01","東港工作站","","86"
"2021-12","東港工作站","","1.5"
"2021-11","東港工作站","","1.5"
"2021-10","東港工作站","","88.5"
"2021-09","東港工作站","","102"
"2021-08","東港工作站","","951"
"2021-07","東港工作站","","567"
"2021-06","東港工作站","","796.5"
"2021-05","東港工作站","","34"
"2021-04","東港工作站","29.5",""
"2017-12","東港","","XXX"
"2017-11","東港","","XXX"
"2017-10","東港","","XXX"
"2017-09","東港","","XXX"
"2017-08","東港","","XXX"
"2017-07","東港","","XXX"
"2017-06","東港","","XXX"
"2017-05","東港","","XXX"
"2017-04","東港","","XXX"
"2017-03","東港","","XXX"
"2017-02","東港","","XXX"
"2017-01","東港","","XXX"
"2016-12","東港","","XXX"
"2016-11","東港","","XXX"
"2016-10","東港","","XXX"
"2016-09","東港","","XXX"
"2016-08","東港","","XXX"
"2016-07","東港","","XXX"
"2016-06","東港","","XXX"
"2016-05","東港","","XXX"
"2016-04","東港","","XXX"
"2016-03","東港","","XXX"
"2016-02","東港","","XXX"
"2016-01","東港","","XXX"
"2015-12","東港","","XXX"
"2015-11","東港","","XXX"
"2015-10","東港","","XXX"
"2015-09","東港","","XXX"
"2015-08","東港","","XXX"
"2015-07","東港","","XXX"
"2015-06","東港","","XXX"
"2015-05","東港","","XXX"
"2015-04","東港","","XXX"
"2015-03","東港","","XXX"
"2015-02","東港","","XXX"
"2015-01","東港","","XXX"
"2014-12","東港","","XXX"
"2014-11","東港","","XXX"
"2014-10","東港","","XXX"
"2014-09","東港","","XXX"
"2014-08","東港","","XXX"
"2014-07","東港","","XXX"
"2014-06","東港","","XXX"
"2014-05","東港","","XXX"
"2014-04","東港","","XXX"
"2014-03","東港","","XXX"
"2014-02","東港","","XXX"
"2014-01","東港","","XXX"
"2013-12","東港","","無資料"
"2013-11","東港","","無資料"
"2013-10","東港","","無資料"
"2013-09","東港","","無資料"
"2013-08","東港","","無資料"
"2013-07","東港","","無資料"
"2013-06","東港","","無資料"
"2013-05","東港","","無資料"
"2013-04","東港","","無資料"
"2013-03","東港","","無資料"
"2013-02","東港","","無資料"
"2013-01","東港","","無資料"
"2012-12","東港","","無資料"
"2012-11","東港","","無資料"
"2012-10","東港","","7.5"
"2012-09","東港","","68"
"2012-08","東港","","851"
"2012-07","東港","","64.5"
"2012-06","東港","","1007"
"2012-05","東港","*","221"
"2012-04","東港","","117.5"
"2012-03","東港","","7"
"2012-02","東港","","49.5"
"2012-01","東港","","0"
"2011-12","東港","","21.5"
"2011-11","東港","","106"
"2011-10","東港","","75.5"
"2011-09","東港","","73"
"2011-08","東港","","294"
"2011-07","東港","","389.5"
"2011-06","東港","*","232.5"
"2011-05","東港","","152.5"
"2011-04","東港","","24.5"
"2011-03","東港","","9.5"
"2011-02","東港","","2"
"2011-01","東港","","11.5"
"2010-12","東港","","13.5"
"2010-11","東港","","13"
"2010-10","東港","","95.5"
"2010-09","東港","*","849"
"2010-08","東港","","220"
"2010-07","東港","","270"
"2010-06","東港","","306"
"2010-05","東港","","280"
"2010-04","東港","","54"
"2010-03","東港","","0.5"
"2010-02","東港","","9"
"2010-01","東港","","0"
"2023-03","旗南農改","","0"
"2023-02","旗南農改","","0"
"2023-01","旗南農改","","0"
"2022-12","旗南農改","*","23"
"2022-11","旗南農改","","0.5"
"2022-10","旗南農改","","100"
"2022-09","旗南農改","","130"
"2022-08","旗南農改","","453"
"2022-07","旗南農改","","123"
"2022-06","旗南農改","","216.5"
"2022-05","旗南農改","","289.5"
"2022-04","旗南農改","","4"
"2022-03","旗南農改","","24"
"2022-02","旗南農改","","43"
"2022-01","旗南農改","","33.5"
"2021-12","旗南農改","","10"
"2021-11","旗南農改","","4.5"
"2021-10","旗南農改","","69.5"
"2021-09","旗南農改","","173"
"2021-08","旗南農改","","1369"
"2021-07","旗南農改","","750"
"2021-06","旗南農改","","1192"
"2021-05","旗南農改","","20"
"2021-04","旗南農改","","17.5"
"2023-03","新竹畜試所","","29"
"2023-02","新竹畜試所","","19"
"2023-01","新竹畜試所","","6"
"2022-12","新竹畜試所","","11.5"
"2022-11","新竹畜試所","","16.5"
"2022-10","新竹畜試所","","10"
"2022-09","新竹畜試所","","156.5"
"2022-08","新竹畜試所","","47"
"2022-07","新竹畜試所","","41"
"2022-06","新竹畜試所","","249.5"
"2022-05","新竹畜試所","","480"
"2022-04","新竹畜試所","","80"
"2022-03","新竹畜試所","","287.5"
"2022-02","新竹畜試所","","181"
"2022-01","新竹畜試所","","65.5"
"2021-12","新竹畜試所","","53.5"
"2021-11","新竹畜試所","","9.5"
"2021-10","新竹畜試所","","13"
"2021-09","新竹畜試所","","12"
"2021-08","新竹畜試所","","278.5"
"2021-07","新竹畜試所","","216"
"2021-06","新竹畜試所","","389.5"
"2021-05","新竹畜試所","","305"
"2021-04","新竹畜試所","","32.5"
"2021-03","新竹畜試所","","56"
"2021-02","新竹畜試所","","52.5"
"2021-01","新竹畜試所","","10"
"2020-12","新竹畜試所","","38"
"2020-11","新竹畜試所","","9"
"2020-10","新竹畜試所","","9.5"
"2020-09","新竹畜試所","","13.5"
"2020-08","新竹畜試所","","88"
"2020-07","新竹畜試所","","15"
"2020-06","新竹畜試所","","70"
"2023-03","文山茶改場","","55"
"2023-02","文山茶改場","","99"
"2023-01","文山茶改場","","110"
"2022-12","文山茶改場","","343"
"2022-11","文山茶改場","","216"
"2022-10","文山茶改場","","716.5"
"2022-09","文山茶改場","","909"
"2022-08","文山茶改場","","53"
"2022-07","文山茶改場","","131.5"
"2022-06","文山茶改場","*","253.5"
"2022-05","文山茶改場","","620.5"
"2022-04","文山茶改場","","136"
"2022-03","文山茶改場","","224"
"2022-02","文山茶改場","","365.5"
"2022-01","文山茶改場","","166.5"
"2021-12","文山茶改場","","119"
"2021-11","文山茶改場","","166.5"
"2021-10","文山茶改場","","541"
"2021-09","文山茶改場","","264"
"2021-08","文山茶改場","","509.5"
"2021-07","文山茶改場","","444.5"
"2021-06","文山茶改場","","289"
"2021-05","文山茶改場","","294.5"
"2021-04","文山茶改場","","63"
"2021-03","文山茶改場","","89"
"2021-02","文山茶改場","","101"
"2021-01","文山茶改場","","131.5"
"2020-12","文山茶改場","","273.5"
"2020-11","文山茶改場","","185"
"2020-10","文山茶改場","","199.5"
"2020-09","文山茶改場","","175"
"2020-08","文山茶改場","","297"
"2020-07","文山茶改場","","325.5"
"2020-06","文山茶改場","","174.5"
"2020-05","文山茶改場","","500"
"2019-12","文山茶改場","","234.5"
"2019-11","文山茶改場","","118"
"2019-10","文山茶改場","*","142"
"2019-09","文山茶改場","*","771"
"2019-08","文山茶改場","*","328.5"
"2019-07","文山茶改場","","240.5"
"2019-06","文山茶改場","*","394"
"2019-05","文山茶改場","*","243"
"2019-04","文山茶改場","*","140.5"
"2019-03","文山茶改場","","184"
"2019-02","文山茶改場","*","81.5"
"2019-01","文山茶改場","*","119"
"2018-12","文山茶改場","*","194"
"2018-11","文山茶改場","","108"
"2018-10","文山茶改場","","XXX"
"2018-09","文山茶改場","","XXX"
"2018-08","文山茶改場","","XXX"
"2018-07","文山茶改場","","XXX"
"2018-06","文山茶改場","","XXX"
"2018-05","文山茶改場","","XXX"
"2018-04","文山茶改場","","XXX"
"2018-03","文山茶改場","","XXX"
"2018-02","文山茶改場","","XXX"
"2018-01","文山茶改場","","XXX"
"2023-03","恆春畜試所","*","2"
"2023-02","恆春畜試所","","21.5"
"2023-01","恆春畜試所","","42.5"
"2022-12","恆春畜試所","","25"
"2022-11","恆春畜試所","","28.5"
"2022-10","恆春畜試所","","240.5"
"2022-09","恆春畜試所","","49.5"
"2022-08","恆春畜試所","","295.5"
"2022-07","恆春畜試所","","128"
"2022-06","恆春畜試所","","137.5"
"2022-05","恆春畜試所","","318"
"2022-04","恆春畜試所","","31"
"2022-03","恆春畜試所","","11.5"
"2022-02","恆春畜試所","","25.5"
"2022-01","恆春畜試所","","264"
"2021-12","恆春畜試所","","46.5"
"2021-11","恆春畜試所","","39.5"
"2021-10","恆春畜試所","","356"
"2021-09","恆春畜試所","","195"
"2021-08","恆春畜試所","","858"
"2021-07","恆春畜試所","","331.5"
"2021-06","恆春畜試所","","522.5"
"2021-05","恆春畜試所","","0"
"2021-04","恆春畜試所","","10.5"
"2019-12","恆春畜試所","","23.5"
"2019-11","恆春畜試所","","10.5"
"2019-10","恆春畜試所","*","47"
"2019-09","恆春畜試所","","352.5"
"2019-08","恆春畜試所","*","783"
"2019-07","恆春畜試所","*","535"
"2019-06","恆春畜試所","*","177"
"2019-05","恆春畜試所","*","202"
"2019-04","恆春畜試所","*","18"
"2019-03","恆春畜試所","*","29"
"2019-02","恆春畜試所","*","50.5"
"2019-01","恆春畜試所","*","72"
"2018-12","恆春畜試所","","15"
"2018-11","恆春畜試所","","13.5"
"2018-10","恆春畜試所","","XXX"
"2018-09","恆春畜試所","","284.5"
"2018-08","恆春畜試所","","XXX"
"2018-07","恆春畜試所","","361.5"
"2018-06","恆春畜試所","","542"
"2018-05","恆春畜試所","","31.5"
"2018-04","恆春畜試所","","17.5"
"2018-03","恆春畜試所","","38"
"2018-02","恆春畜試所","","38.5"
"2018-01","恆春畜試所","","35.5"
"2017-12","恆春畜試所","*","52"
"2017-11","恆春畜試所","","48.5"
"2017-10","恆春畜試所","","458.5"
"2017-09","恆春畜試所","","404.5"
"2017-08","恆春畜試所","*","201"
"2017-07","恆春畜試所","*","591"
"2017-06","恆春畜試所","","79.5"
"2017-05","恆春畜試所","","109.5"
"2017-04","恆春畜試所","","49"
"2017-03","恆春畜試所","","8"
"2017-02","恆春畜試所","","32"
"2017-01","恆春畜試所","","18.5"
"2016-12","恆春畜試所","*","0"
"2016-11","恆春畜試所","","75.5"
"2016-10","恆春畜試所","","532.5"
"2016-09","恆春畜試所","*","622.5"
"2016-08","恆春畜試所","","410.5"
"2016-07","恆春畜試所","","242.5"
"2016-06","恆春畜試所","","309"
"2016-05","恆春畜試所","","XXX"
"2016-04","恆春畜試所","","38"
"2016-03","恆春畜試所","*","42.5"
"2016-02","恆春畜試所","","6.5"
"2016-01","恆春畜試所","","95.5"
"2015-12","恆春畜試所","","4"
"2015-11","恆春畜試所","","35.5"
"2015-10","恆春畜試所","","64"
"2015-09","恆春畜試所","","41"
"2015-08","恆春畜試所","*","222.5"
"2015-07","恆春畜試所","","313.5"
"2015-06","恆春畜試所","","49.5"
"2015-05","恆春畜試所","","365.5"
"2015-04","恆春畜試所","","127.5"
"2015-03","恆春畜試所","","1"
"2015-02","恆春畜試所","","14"
"2015-01","恆春畜試所","","44"
"2014-12","恆春畜試所","","17"
"2014-11","恆春畜試所","","31"
"2014-10","恆春畜試所","","85"
"2014-09","恆春畜試所","","310"
"2014-08","恆春畜試所","","303.5"
"2014-07","恆春畜試所","","125.5"
"2014-06","恆春畜試所","","370"
"2014-05","恆春畜試所","","25.5"
"2014-04","恆春畜試所","","9.5"
"2014-03","恆春畜試所","","64"
"2014-02","恆春畜試所","","48.5"
"2014-01","恆春畜試所","","11.5"
"2013-12","恆春畜試所","","91"
"2013-11","恆春畜試所","*","75"
"2013-10","恆春畜試所","","12.5"
"2013-09","恆春畜試所","","373"
"2013-08","恆春畜試所","","609"
"2013-07","恆春畜試所","*","227.5"
"2013-06","恆春畜試所","","245"
"2013-05","恆春畜試所","","249.5"
"2013-04","恆春畜試所","","83.5"
"2013-03","恆春畜試所","","3.5"
"2013-02","恆春畜試所","","50.5"
"2013-01","恆春畜試所","","99.5"
"2012-12","恆春畜試所","","71.5"
"2012-11","恆春畜試所","","77.1"
"2012-10","恆春畜試所","","18"
"2012-09","恆春畜試所","","89"
"2012-08","恆春畜試所","","883.5"
"2012-07","恆春畜試所","","525.5"
"2012-06","恆春畜試所","","692"
"2012-05","恆春畜試所","","387.5"
"2012-04","恆春畜試所","","56"
"2012-03","恆春畜試所","","6"
"2012-02","恆春畜試所","","117"
"2012-01","恆春畜試所","","1.5"
"2011-12","恆春畜試所","","41"
"2011-11","恆春畜試所","","無資料"
"2011-10","恆春畜試所","","17"
"2011-09","恆春畜試所","","69"
"2011-08","恆春畜試所","*","9"
"2011-07","恆春畜試所","","484.5"
"2011-06","恆春畜試所","","418.5"
"2011-05","恆春畜試所","","136"
"2011-04","恆春畜試所","","50.5"
"2011-03","恆春畜試所","","6.5"
"2011-02","恆春畜試所","","51"
"2011-01","恆春畜試所","","18"
"2010-12","恆春畜試所","","4"
"2010-11","恆春畜試所","","9"
"2010-10","恆春畜試所","","543.5"
"2010-09","恆春畜試所","","775.5"
"2010-08","恆春畜試所","*","226"
"2010-07","恆春畜試所","","270.5"
"2010-06","恆春畜試所","","119.5"
"2017-08","恆春畜試分所","*","201"
"2017-07","恆春畜試分所","*","591"
"2017-06","恆春畜試分所","","79.5"
"2017-05","恆春畜試分所","","109.5"
"2017-04","恆春畜試分所","","49"
"2017-03","恆春畜試分所","","8"
"2017-02","恆春畜試分所","","32"
"2017-01","恆春畜試分所","","18.5"
"2016-12","恆春畜試分所","*","0"
"2016-11","恆春畜試分所","","75.5"
"2016-10","恆春畜試分所","","532.5"
"2016-09","恆春畜試分所","*","622.5"
"2016-08","恆春畜試分所","","410.5"
"2016-07","恆春畜試分所","","242.5"
"2016-06","恆春畜試分所","","309"
"2016-05","恆春畜試分所","","無資料"
"2016-04","恆春畜試分所","","38"
"2016-03","恆春畜試分所","*","42.5"
"2016-02","恆春畜試分所","","6.5"
"2016-01","恆春畜試分所","","95.5"
"2015-12","恆春畜試分所","","4"
"2015-11","恆春畜試分所","","35.5"
"2015-10","恆春畜試分所","","64"
"2015-09","恆春畜試分所","","41"
"2023-03","恆春工作站","","0"
"2023-02","恆春工作站","","0.5"
"2023-01","恆春工作站","","2"
"2022-12","恆春工作站","","0.5"
"2022-11","恆春工作站","","0.5"
"2022-10","恆春工作站","","76.5"
"2022-09","恆春工作站","","13"
"2022-08","恆春工作站","","156"
"2022-07","恆春工作站","","164.5"
"2022-06","恆春工作站","","116"
"2022-05","恆春工作站","","301"
"2022-04","恆春工作站","","19"
"2022-03","恆春工作站","","47"
"2022-02","恆春工作站","","10"
"2022-01","恆春工作站","","127"
"2021-12","恆春工作站","","0.5"
"2021-11","恆春工作站","","8.5"
"2021-10","恆春工作站","","255.5"
"2021-09","恆春工作站","","56.5"
"2021-08","恆春工作站","","596"
"2021-07","恆春工作站","","255.5"
"2021-06","恆春工作站","","452.5"
"2021-05","恆春工作站","","7.5"
"2021-04","恆春工作站","","0.5"
"2023-03","宜蘭畜試所","","94.5"
"2023-02","宜蘭畜試所","","260"
"2023-01","宜蘭畜試所","","380.5"
"2022-12","宜蘭畜試所","","933"
"2022-11","宜蘭畜試所","","792"
"2022-10","宜蘭畜試所","","984.5"
"2022-09","宜蘭畜試所","","320.5"
"2022-08","宜蘭畜試所","","8"
"2022-07","宜蘭畜試所","","5.5"
"2022-06","宜蘭畜試所","","104.5"
"2022-05","宜蘭畜試所","","341"
"2022-04","宜蘭畜試所","","56"
"2022-03","宜蘭畜試所","","138"
"2022-02","宜蘭畜試所","","712"
"2022-01","宜蘭畜試所","","673"
"2021-12","宜蘭畜試所","","296.5"
"2021-11","宜蘭畜試所","","267.5"
"2021-10","宜蘭畜試所","","470"
"2021-09","宜蘭畜試所","","171"
"2021-08","宜蘭畜試所","","125"
"2021-07","宜蘭畜試所","","174.5"
"2021-06","宜蘭畜試所","","199.5"
"2021-05","宜蘭畜試所","","102.5"
"2021-04","宜蘭畜試所","","78.5"
"2022-05","太湖分場","","717.5"
"2022-04","太湖分場","","81.5"
"2022-03","太湖分場","","315.5"
"2022-02","太湖分場","","205.5"
"2022-01","太湖分場","","56.5"
"2021-12","太湖分場","","71"
"2021-11","太湖分場","","12"
"2021-10","太湖分場","","10"
"2021-09","太湖分場","","148.5"
"2021-08","太湖分場","","556"
"2021-07","太湖分場","","391.5"
"2021-06","太湖分場","","481"
"2021-05","太湖分場","","294"
"2021-04","太湖分場","","28"
"2021-03","太湖分場","","56.5"
"2021-02","太湖分場","","36.5"
"2021-01","太湖分場","","14"
"2020-12","太湖分場","","29.5"
"2020-11","太湖分場","","0"
"2020-10","太湖分場","","0"
"2020-09","太湖分場","","22"
"2020-08","太湖分場","","186.5"
"2020-07","太湖分場","","103.5"
"2020-06","太湖分場","","76.5"
"2023-03","大湖分場","","27"
"2023-02","大湖分場","","16"
"2023-01","大湖分場","","5"
"2022-12","大湖分場","","24"
"2022-11","大湖分場","","26.5"
"2022-10","大湖分場","*","18"
"2022-09","大湖分場","*","271"
"2022-08","大湖分場","","97"
"2022-07","大湖分場","","111.5"
"2022-06","大湖分場","","631"
"2022-05","大湖分場","","717.5"
"2022-04","大湖分場","","81.5"
"2022-03","大湖分場","","315.5"
"2022-02","大湖分場","","205.5"
"2022-01","大湖分場","","56.5"
"2021-12","大湖分場","","71"
"2021-11","大湖分場","","12"
"2021-10","大湖分場","","10"
"2021-09","大湖分場","","148.5"
"2021-08","大湖分場","","556"
"2021-07","大湖分場","","391.5"
"2021-06","大湖分場","","481"
"2021-05","大湖分場","","294"
"2021-04","大湖分場","","28"
"2021-03","大湖分場","","56.5"
"2021-02","大湖分場","","36.5"
"2021-01","大湖分場","","14"
"2020-12","大湖分場","","29.5"
"2020-11","大湖分場","","0"
"2019-12","大湖分場","*","138.5"
"2019-11","大湖分場","","0"
"2019-10","大湖分場","*","26"
"2019-09","大湖分場","*","52"
"2019-08","大湖分場","*","638.5"
"2019-07","大湖分場","*","16.5"
"2019-06","大湖分場","*","437.5"
"2019-05","大湖分場","*","416"
"2019-04","大湖分場","*","189"
"2019-03","大湖分場","","280"
"2019-02","大湖分場","","30.5"
"2019-01","大湖分場","*","29.5"
"2018-12","大湖分場","*","12.5"
"2018-11","大湖分場","*","16.5"
"2018-10","大湖分場","","XXX"
"2018-09","大湖分場","","XXX"
"2018-08","大湖分場","","XXX"
"2018-07","大湖分場","","XXX"
"2018-06","大湖分場","","XXX"
"2018-05","大湖分場","","XXX"
"2018-04","大湖分場","","XXX"
"2018-03","大湖分場","","XXX"
"2018-02","大湖分場","","XXX"
"2018-01","大湖分場","","XXX"
"2023-03","埔里分場","","28"
"2023-02","埔里分場","","15"
"2023-01","埔里分場","","14.5"
"2022-12","埔里分場","","20.5"
"2022-11","埔里分場","","15.5"
"2022-10","埔里分場","","77"
"2022-09","埔里分場","","117.5"
"2022-08","埔里分場","","163"
"2022-07","埔里分場","","375"
"2022-06","埔里分場","","404.5"
"2022-05","埔里分場","","470.5"
"2022-04","埔里分場","","108"
"2022-03","埔里分場","","138.5"
"2022-02","埔里分場","","139"
"2022-01","埔里分場","","54"
"2021-12","埔里分場","","25.5"
"2021-11","埔里分場","*","11.5"
"2021-10","埔里分場","","42"
"2021-09","埔里分場","","212.5"
"2021-08","埔里分場","","546.5"
"2021-07","埔里分場","","323"
"2021-06","埔里分場","*","514"
"2021-05","埔里分場","","254"
"2021-04","埔里分場","","51"
"2021-03","埔里分場","","24"
"2021-02","埔里分場","","0"
"2021-01","埔里分場","","15.5"
"2020-12","埔里分場","","無資料"
"2020-11","埔里分場","","無資料"
"2023-03","四湖植物園","","15.5"
"2023-02","四湖植物園","","10"
"2023-01","四湖植物園","","4"
"2022-12","四湖植物園","","13.5"
"2022-11","四湖植物園","","8"
"2022-10","四湖植物園","*","11.5"
"2022-09","四湖植物園","","8.5"
"2022-08","四湖植物園","","107.5"
"2022-07","四湖植物園","","39.5"
"2022-06","四湖植物園","","219"
"2022-05","四湖植物園","","293"
"2022-04","四湖植物園","*","20.5"
"2022-03","四湖植物園","","105"
"2022-02","四湖植物園","*","75"
"2022-01","四湖植物園","","25.5"
"2021-12","四湖植物園","","16.5"
"2021-11","四湖植物園","","5.5"
"2021-10","四湖植物園","","19"
"2021-09","四湖植物園","","23.5"
"2021-08","四湖植物園","","696.5"
"2021-07","四湖植物園","","119"
"2021-06","四湖植物園","","440"
"2021-05","四湖植物園","","123"
"2021-04","四湖植物園","","38"
"2021-03","四湖植物園","","6.5"
"2021-02","四湖植物園","","25.5"
"2021-01","四湖植物園","","1"
"2020-12","四湖植物園","","無資料"
"2020-11","四湖植物園","","無資料"
"2023-03","嘉義農試所","","8"
"2023-02","嘉義農試所","","0"
"2023-01","嘉義農試所","","10.5"
"2022-12","嘉義農試所","","31.5"
"2022-11","嘉義農試所","","1.5"
"2022-10","嘉義農試所","","8.5"
"2022-09","嘉義農試所","","48"
"2022-08","嘉義農試所","","537.5"
"2022-07","嘉義農試所","","137.5"
"2022-06","嘉義農試所","","265.5"
"2022-05","嘉義農試所","","249"
"2022-04","嘉義農試所","","77"
"2022-03","嘉義農試所","","89.5"
"2022-02","嘉義農試所","","88"
"2022-01","嘉義農試所","","27"
"2021-12","嘉義農試所","","18.5"
"2021-11","嘉義農試所","","13.5"
"2021-10","嘉義農試所","","13.5"
"2021-09","嘉義農試所","","136.5"
"2021-08","嘉義農試所","","822.5"
"2021-07","嘉義農試所","","289"
"2021-06","嘉義農試所","","706.5"
"2021-05","嘉義農試所","","112.5"
"2021-04","嘉義農試所","","11.5"
"2023-03","嘉義分場","","8"
"2023-02","嘉義分場","","0"
"2023-01","嘉義分場","","7"
"2022-12","嘉義分場","","11.5"
"2022-11","嘉義分場","","1"
"2022-10","嘉義分場","","7"
"2022-09","嘉義分場","","57.5"
"2022-08","嘉義分場","*","118"
"2022-07","嘉義分場","","74.5"
"2022-06","嘉義分場","","188.5"
"2022-05","嘉義分場","","278"
"2022-04","嘉義分場","","123.5"
"2022-03","嘉義分場","","53.5"
"2022-02","嘉義分場","","67.5"
"2022-01","嘉義分場","","27"
"2021-12","嘉義分場","","19.5"
"2021-11","嘉義分場","","13"
"2021-10","嘉義分場","","6"
"2021-09","嘉義分場","","33"
"2021-08","嘉義分場","","664"
"2021-07","嘉義分場","","141.5"
"2021-06","嘉義分場","","434"
"2021-05","嘉義分場","","168"
"2021-04","嘉義分場","","4.5"
"2015-12","台東班鳩分場","*","41.5"
"2015-11","台東班鳩分場","","102.5"
"2015-10","台東班鳩分場","","62"
"2015-09","台東班鳩分場","","78.5"
"2015-08","台東班鳩分場","","203"
"2015-07","台東班鳩分場","","298.5"
"2015-06","台東班鳩分場","","5.5"
"2015-05","台東班鳩分場","","262"
"2015-04","台東班鳩分場","","63.5"
"2015-03","台東班鳩分場","*","54.5"
"2015-02","台東班鳩分場","*","1"
"2015-01","台東班鳩分場","","30.5"
"2014-12","台東班鳩分場","","24"
"2014-11","台東班鳩分場","","15.5"
"2014-10","台東班鳩分場","*","12.5"
"2014-09","台東班鳩分場","","546"
"2014-08","台東班鳩分場","","129.5"
"2014-07","台東班鳩分場","","220"
"2014-06","台東班鳩分場","","195"
"2014-05","台東班鳩分場","","91"
"2014-04","台東班鳩分場","*","71"
"2014-03","台東班鳩分場","","70.5"
"2014-02","台東班鳩分場","","95"
"2014-01","台東班鳩分場","","1"
"2013-12","台東班鳩分場","","57"
"2013-11","台東班鳩分場","*","153"
"2013-10","台東班鳩分場","","27"
"2013-09","台東班鳩分場","","479.5"
"2013-08","台東班鳩分場","","228"
"2013-07","台東班鳩分場","","180"
"2013-06","台東班鳩分場","","325.5"
"2013-05","台東班鳩分場","","304.5"
"2013-04","台東班鳩分場","","65"
"2013-03","台東班鳩分場","","10"
"2013-02","台東班鳩分場","","45.5"
"2013-01","台東班鳩分場","","33"
"2012-12","台東班鳩分場","","98"
"2012-11","台東班鳩分場","","85.1"
"2012-10","台東班鳩分場","","33.5"
"2012-09","台東班鳩分場","","212"
"2012-08","台東班鳩分場","","636.5"
"2012-07","台東班鳩分場","","291.5"
"2012-06","台東班鳩分場","","566"
"2012-05","台東班鳩分場","","226"
"2012-04","台東班鳩分場","","83.5"
"2012-03","台東班鳩分場","","53"
"2012-02","台東班鳩分場","","82.5"
"2012-01","台東班鳩分場","","40.5"
"2011-12","台東班鳩分場","","72"
"2011-11","台東班鳩分場","","594.5"
"2011-10","台東班鳩分場","","468"
"2011-09","台東班鳩分場","","180"
"2011-08","台東班鳩分場","","553.5"
"2011-07","台東班鳩分場","","523.5"
"2011-06","台東班鳩分場","","501"
"2011-05","台東班鳩分場","","284"
"2011-04","台東班鳩分場","","93.5"
"2011-03","台東班鳩分場","","15.5"
"2011-02","台東班鳩分場","","20"
"2011-01","台東班鳩分場","","15.5"
"2010-12","台東班鳩分場","","18.5"
"2010-11","台東班鳩分場","","48"
"2010-10","台東班鳩分場","","326.5"
"2010-09","台東班鳩分場","","969.5"
"2010-08","台東班鳩分場","","134"
"2010-07","台東班鳩分場","","264"
"2010-06","台東班鳩分場","","61"
"2010-05","台東班鳩分場","","169"
"2010-04","台東班鳩分場","","37"
"2010-03","台東班鳩分場","","21"
"2010-02","台東班鳩分場","","37"
"2010-01","台東班鳩分場","","51.5"
"2017-08","台東斑鳩分場","","223.5"
"2017-07","台東斑鳩分場","","250.5"
"2017-06","台東斑鳩分場","","172.5"
"2017-05","台東斑鳩分場","*","180"
"2017-04","台東斑鳩分場","","124.5"
"2017-03","台東斑鳩分場","","46.5"
"2017-02","台東斑鳩分場","*","12"
"2017-01","台東斑鳩分場","*","5"
"2016-12","台東斑鳩分場","*","19"
"2016-11","台東斑鳩分場","","153.5"
"2016-10","台東斑鳩分場","","1132"
"2016-09","台東斑鳩分場","*","1060.5"
"2016-08","台東斑鳩分場","","無資料"
"2016-07","台東斑鳩分場","","164.5"
"2016-06","台東斑鳩分場","","57"
"2016-05","台東斑鳩分場","","85"
"2016-04","台東斑鳩分場","","71"
"2016-03","台東斑鳩分場","","24.5"
"2016-02","台東斑鳩分場","","24.5"
"2016-01","台東斑鳩分場","","129.5"
"2015-12","台東斑鳩分場","*","41.5"
"2015-11","台東斑鳩分場","","102.5"
"2015-10","台東斑鳩分場","","62"
"2015-09","台東斑鳩分場","","78.5"
"2023-03","台大溪頭","","45.5"
"2023-02","台大溪頭","","9"
"2023-01","台大溪頭","","28"
"2022-12","台大溪頭","","39.5"
"2022-11","台大溪頭","","11"
"2022-10","台大溪頭","*","63"
"2022-09","台大溪頭","*","401"
"2022-08","台大溪頭","","226"
"2022-07","台大溪頭","","117.5"
"2022-06","台大溪頭","","219"
"2022-05","台大溪頭","","424"
"2022-04","台大溪頭","","88"
"2022-03","台大溪頭","","131.5"
"2022-02","台大溪頭","","158.5"
"2022-01","台大溪頭","","76.5"
"2021-12","台大溪頭","","29.5"
"2021-11","台大溪頭","","30"
"2021-10","台大溪頭","","57"
"2021-09","台大溪頭","","173.5"
"2021-08","台大溪頭","","722"
"2021-07","台大溪頭","","354"
"2021-06","台大溪頭","","652"
"2021-05","台大溪頭","","124.5"
"2021-04","台大溪頭","*","20"
"2021-03","台大溪頭","","27"
"2021-02","台大溪頭","","26.5"
"2021-01","台大溪頭","","14.5"
"2020-12","台大溪頭","","66"
"2020-11","台大溪頭","","14.5"
"2023-03","台中農改場","","6"
"2023-02","台中農改場","","5"
"2023-01","台中農改場","","5.5"
"2022-12","台中農改場","","13.5"
"2022-11","台中農改場","","9.5"
"2022-10","台中農改場","","6.5"
"2022-09","台中農改場","","49.5"
"2022-08","台中農改場","*","92"
"2022-07","台中農改場","","63"
"2022-06","台中農改場","","218"
"2022-05","台中農改場","","360"
"2022-04","台中農改場","","43"
"2022-03","台中農改場","","110"
"2022-02","台中農改場","","100"
"2022-01","台中農改場","","28.5"
"2021-12","台中農改場","","2"
"2021-11","台中農改場","","0"
"2021-10","台中農改場","","0.5"
"2021-09","台中農改場","","7"
"2021-08","台中農改場","","591.5"
"2021-07","台中農改場","","172.5"
"2021-06","台中農改場","*","491.5"
"2021-05","台中農改場","","216"
"2021-04","台中農改場","*","0"
"2021-03","台中農改場","","13.5"
"2021-02","台中農改場","","31.5"
"2021-01","台中農改場","","4"
"2020-12","台中農改場","","36.5"
"2020-11","台中農改場","","4.5"
"2017-12","台中農改場","","8.5"
"2017-11","台中農改場","","24"
"2017-10","台中農改場","","64.5"
"2017-09","台中農改場","","32"
"2017-08","台中農改場","","41"
"2017-07","台中農改場","","XXX"
"2017-06","台中農改場","","816.5"
"2017-05","台中農改場","","72.5"
"2017-04","台中農改場","","92"
"2017-03","台中農改場","*","32"
"2017-02","台中農改場","*","9"
"2017-01","台中農改場","*","2"
"2016-12","台中農改場","*","11"
"2016-11","台中農改場","","62"
"2016-10","台中農改場","*","11.5"
"2016-09","台中農改場","*","216"
"2016-08","台中農改場","","XXX"
"2016-07","台中農改場","*","72"
"2016-06","台中農改場","","210"
"2016-05","台中農改場","","23.5"
"2016-04","台中農改場","","179"
"2016-03","台中農改場","","155"
"2016-02","台中農改場","*","23.5"
"2016-01","台中農改場","","187.5"
"2015-12","台中農改場","","27"
"2015-11","台中農改場","","2"
"2015-10","台中農改場","","20"
"2015-09","台中農改場","","199"
"2015-08","台中農改場","","323"
"2015-07","台中農改場","","22.5"
"2015-06","台中農改場","","57.5"
"2015-05","台中農改場","","534"
"2015-04","台中農改場","","36"
"2015-03","台中農改場","","8.5"
"2015-02","台中農改場","","10.5"
"2015-01","台中農改場","","9.5"
"2014-12","台中農改場","","25"
"2014-11","台中農改場","","3"
"2014-10","台中農改場","","0"
"2014-09","台中農改場","","70"
"2014-08","台中農改場","","183.5"
"2014-07","台中農改場","","101"
"2014-06","台中農改場","","132"
"2014-05","台中農改場","","427.5"
"2014-04","台中農改場","","13.5"
"2014-03","台中農改場","","41.5"
"2014-02","台中農改場","","25"
"2014-01","台中農改場","*","4"
"2013-12","台中農改場","","62"
"2013-11","台中農改場","*","20.5"
"2013-10","台中農改場","","0.5"
"2013-09","台中農改場","*","16.5"
"2013-08","台中農改場","*","463"
"2013-07","台中農改場","","330"
"2013-06","台中農改場","","63.5"
"2013-05","台中農改場","","無資料"
"2013-04","台中農改場","","無資料"
"2013-03","台中農改場","","56"
"2013-02","台中農改場","","2.5"
"2013-01","台中農改場","","8.5"
"2012-12","台中農改場","","58.5"
"2012-11","台中農改場","","108"
"2012-10","台中農改場","","0"
"2012-09","台中農改場","","16"
"2012-08","台中農改場","","441.5"
"2012-07","台中農改場","","242"
"2012-06","台中農改場","","271.5"
"2012-05","台中農改場","","255.5"
"2012-04","台中農改場","*","212.5"
"2012-03","台中農改場","","21.5"
"2012-02","台中農改場","","83"
"2012-01","台中農改場","","40"
"2011-12","台中農改場","","38"
"2011-11","台中農改場","","171.5"
"2011-10","台中農改場","","14.5"
"2011-09","台中農改場","","52"
"2011-08","台中農改場","","63.5"
"2011-07","台中農改場","","553.5"
"2011-06","台中農改場","","81.5"
"2011-05","台中農改場","","103"
"2011-04","台中農改場","","1.5"
"2011-03","台中農改場","","19.5"
"2011-02","台中農改場","","17.5"
"2011-01","台中農改場","","28"
"2010-12","台中農改場","","22.5"
"2010-11","台中農改場","","16.5"
"2010-10","台中農改場","","0"
"2010-09","台中農改場","","100"
"2010-08","台中農改場","","170.5"
"2010-07","台中農改場","","288.5"
"2010-06","台中農改場","","392"
"2010-05","台中農改場","","88"
"2010-04","台中農改場","","113.5"
"2010-03","台中農改場","","22"
"2010-02","台中農改場","","82.5"
"2010-01","台中農改場","","26"
"2023-03","口湖工作站","*","3"
"2023-02","口湖工作站","","2.5"
"2023-01","口湖工作站","","4.5"
"2022-12","口湖工作站","","25.5"
"2022-11","口湖工作站","","4.5"
"2022-10","口湖工作站","","10.5"
"2022-09","口湖工作站","","7.5"
"2022-08","口湖工作站","","113.5"
"2022-07","口湖工作站","","115.5"
"2022-06","口湖工作站","","170"
"2022-05","口湖工作站","","239"
"2022-04","口湖工作站","","43"
"2022-03","口湖工作站","","82.5"
"2022-02","口湖工作站","","57.5"
"2022-01","口湖工作站","","21"
"2021-12","口湖工作站","","12"
"2021-11","口湖工作站","","2.5"
"2021-10","口湖工作站","","4"
"2021-09","口湖工作站","","45"
"2021-08","口湖工作站","","616.5"
"2021-07","口湖工作站","","124"
"2021-06","口湖工作站","","371.5"
"2021-05","口湖工作站","","81.5"
"2021-04","口湖工作站","","16"
"2021-03","口湖工作站","","3"
"2021-02","口湖工作站","","18"
"2021-01","口湖工作站","","0"
"2020-12","口湖工作站","","無資料"
"2020-11","口湖工作站","","無資料"
"2023-03","凍頂茶改場","","33"
"2023-02","凍頂茶改場","","5"
"2023-01","凍頂茶改場","","13.5"
"2022-12","凍頂茶改場","","19.5"
"2022-11","凍頂茶改場","","6"
"2022-10","凍頂茶改場","","27.5"
"2022-09","凍頂茶改場","","242.5"
"2022-08","凍頂茶改場","","347"
"2022-07","凍頂茶改場","","220.5"
"2022-06","凍頂茶改場","","436.5"
"2022-05","凍頂茶改場","","449.5"
"2022-04","凍頂茶改場","","141"
"2022-03","凍頂茶改場","","113.5"
"2022-02","凍頂茶改場","","132"
"2022-01","凍頂茶改場","","41.5"
"2021-12","凍頂茶改場","","19"
"2021-11","凍頂茶改場","","12.5"
"2021-10","凍頂茶改場","","25"
"2021-09","凍頂茶改場","","222"
"2021-08","凍頂茶改場","","744.5"
"2021-07","凍頂茶改場","","413.5"
"2021-06","凍頂茶改場","","953"
"2021-05","凍頂茶改場","","170.5"
"2021-04","凍頂茶改場","","44"
"2021-03","凍頂茶改場","","12.5"
"2021-02","凍頂茶改場","","27.5"
"2021-01","凍頂茶改場","","10.5"
"2020-12","凍頂茶改場","","35.5"
"2020-11","凍頂茶改場","","8"
"2020-10","凍頂茶改場","","1"
"2020-09","凍頂茶改場","","183"
"2020-08","凍頂茶改場","","443"
"2020-07","凍頂茶改場","","323"
"2020-06","凍頂茶改場","","168"
"2019-12","凍頂茶改場","*","159.5"
"2019-11","凍頂茶改場","*","0"
"2019-10","凍頂茶改場","*","23"
"2019-09","凍頂茶改場","","149.5"
"2019-08","凍頂茶改場","*","589"
"2019-07","凍頂茶改場","*","192"
"2019-06","凍頂茶改場","","671.5"
"2019-05","凍頂茶改場","*","445.5"
"2019-04","凍頂茶改場","*","74.5"
"2019-03","凍頂茶改場","","139"
"2019-02","凍頂茶改場","","6.5"
"2019-01","凍頂茶改場","*","8.5"
"2018-12","凍頂茶改場","*","0.5"
"2018-11","凍頂茶改場","*","21"
"2018-10","凍頂茶改場","","XXX"
"2018-09","凍頂茶改場","","XXX"
"2018-08","凍頂茶改場","","XXX"
"2018-07","凍頂茶改場","","XXX"
"2018-06","凍頂茶改場","","XXX"
"2018-05","凍頂茶改場","","XXX"
"2018-04","凍頂茶改場","","XXX"
"2018-03","凍頂茶改場","","XXX"
"2018-02","凍頂茶改場","","XXX"
"2018-01","凍頂茶改場","","XXX"
"2023-03","五峰工作站","","45.5"
"2023-02","五峰工作站","","33.5"
"2023-01","五峰工作站","","23"
"2022-12","五峰工作站","","76"
"2022-11","五峰工作站","","106.5"
"2022-10","五峰工作站","","152"
"2022-09","五峰工作站","","894.5"
"2022-08","五峰工作站","","120.5"
"2022-07","五峰工作站","","198.5"
"2022-06","五峰工作站","*","308"
"2022-05","五峰工作站","","398.5"
"2022-04","五峰工作站","","85"
"2022-03","五峰工作站","","253"
"2022-02","五峰工作站","","315"
"2022-01","五峰工作站","","84"
"2021-12","五峰工作站","","34.5"
"2021-11","五峰工作站","","23"
"2021-10","五峰工作站","","70"
"2021-09","五峰工作站","","155.5"
"2021-08","五峰工作站","","402.5"
"2021-07","五峰工作站","","887.5"
"2021-06","五峰工作站","","323.5"
"2021-05","五峰工作站","","174"
"2021-04","五峰工作站","","69"
"2021-03","五峰工作站","","90.5"
"2021-02","五峰工作站","","30"
"2021-01","五峰工作站","","50"
"2020-12","五峰工作站","","88.5"
"2020-11","五峰工作站","","28.5"
"2020-10","五峰工作站","","44"
"2020-09","五峰工作站","","191.5"
"2020-08","五峰工作站","","140"
"2020-07","五峰工作站","","103"
"2020-06","五峰工作站","","56.5"
"2019-12","五峰工作站","*","120.5"
"2019-11","五峰工作站","","3.5"
"2019-10","五峰工作站","*","144"
"2019-09","五峰工作站","*","131.5"
"2019-08","五峰工作站","","563"
"2019-07","五峰工作站","*","167.5"
"2019-06","五峰工作站","*","470"
"2019-05","五峰工作站","*","377.5"
"2019-04","五峰工作站","*","149.5"
"2019-03","五峰工作站","*","278"
"2019-02","五峰工作站","*","22.5"
"2019-01","五峰工作站","","54.5"
"2018-12","五峰工作站","","20.5"
"2018-11","五峰工作站","","47.5"
"2018-10","五峰工作站","","94.5"
"2018-09","五峰工作站","","159"
"2018-08","五峰工作站","","410"
"2018-07","五峰工作站","*","370"
"2018-06","五峰工作站","","277.5"
"2018-05","五峰工作站","*","95.5"
"2018-04","五峰工作站","","74.5"
"2018-03","五峰工作站","","105"
"2018-02","五峰工作站","","186"
"2018-01","五峰工作站","*","326.5"
"2017-12","五峰工作站","*","52.5"
"2017-11","五峰工作站","","73.5"
"2017-10","五峰工作站","","87"
"2017-09","五峰工作站","","169"
"2017-08","五峰工作站","","129.5"
"2017-07","五峰工作站","","457.5"
"2017-06","五峰工作站","","570.5"
"2017-05","五峰工作站","*","263"
"2017-04","五峰工作站","*","316"
"2017-03","五峰工作站","*","171"
"2017-02","五峰工作站","*","93.5"
"2017-01","五峰工作站","*","20"
"2016-12","五峰工作站","*","35"
"2016-11","五峰工作站","","131.5"
"2016-10","五峰工作站","*","83"
"2016-09","五峰工作站","","805.5"
"2016-08","五峰工作站","*","142.5"
"2016-07","五峰工作站","","139.5"
"2016-06","五峰工作站","","168.5"
"2016-05","五峰工作站","*","166.5"
"2016-04","五峰工作站","","203.5"
"2016-03","五峰工作站","","442.5"
"2016-02","五峰工作站","","108.5"
"2016-01","五峰工作站","","264"
"2015-12","五峰工作站","","147"
"2015-11","五峰工作站","","12"
"2015-10","五峰工作站","","43.5"
"2015-09","五峰工作站","","330.5"
"2015-08","五峰工作站","","580.5"
"2015-07","五峰工作站","*","481.5"
"2015-06","五峰工作站","","71"
"2015-05","五峰工作站","","329"
"2015-04","五峰工作站","","123.5"
"2015-03","五峰工作站","","105"
"2015-02","五峰工作站","","99"
"2015-01","五峰工作站","*","26.5"
"2014-12","五峰工作站","","122.5"
"2014-11","五峰工作站","","14"
"2014-10","五峰工作站","","48.5"
"2014-09","五峰工作站","","106.5"
"2014-08","五峰工作站","*","111"
"2014-07","五峰工作站","*","245"
"2014-06","五峰工作站","","184"
"2014-05","五峰工作站","","387"
"2014-04","五峰工作站","","93"
"2014-03","五峰工作站","","181"
"2014-02","五峰工作站","","166.5"
"2014-01","五峰工作站","","18"
"2013-12","五峰工作站","","206.5"
"2013-11","五峰工作站","","60.5"
"2013-10","五峰工作站","","425"
"2013-09","五峰工作站","","143"
"2013-08","五峰工作站","*","791"
"2013-07","五峰工作站","","1118"
"2013-06","五峰工作站","","96"
"2013-05","五峰工作站","","419"
"2013-04","五峰工作站","","365.5"
"2013-03","五峰工作站","","101"
"2013-02","五峰工作站","","11.5"
"2013-01","五峰工作站","","54.5"
"2012-12","五峰工作站","","214.5"
"2012-11","五峰工作站","","302"
"2012-10","五峰工作站","","57.5"
"2012-09","五峰工作站","","180"
"2012-08","五峰工作站","","1017.5"
"2012-07","五峰工作站","","193.5"
"2012-06","五峰工作站","","512"
"2012-05","五峰工作站","","380.5"
"2012-04","五峰工作站","","267.5"
"2012-03","五峰工作站","","92"
"2012-02","五峰工作站","","294"
"2012-01","五峰工作站","","249"
"2011-12","五峰工作站","","116"
"2011-11","五峰工作站","","284"
"2011-10","五峰工作站","","84.5"
"2011-09","五峰工作站","","57"
"2011-08","五峰工作站","","202"
"2011-07","五峰工作站","","345"
"2011-06","五峰工作站","","450"
"2011-05","五峰工作站","","377.5"
"2011-04","五峰工作站","","30.5"
"2011-03","五峰工作站","","120"
"2011-02","五峰工作站","","71"
"2011-01","五峰工作站","","104"
"2010-12","五峰工作站","","80.5"
"2010-11","五峰工作站","","37.5"
"2010-10","五峰工作站","","89.5"
"2010-09","五峰工作站","","289"
"2010-08","五峰工作站","","177"
"2010-07","五峰工作站","","283.5"
"2010-06","五峰工作站","","381"
"2010-05","五峰工作站","","189.5"
"2010-04","五峰工作站","","201.5"
"2010-03","五峰工作站","","79"
"2010-02","五峰工作站","","272"
"2010-01","五峰工作站","","129"
"2023-03","七股研究中心","","0"
"2023-02","七股研究中心","","0"
"2023-01","七股研究中心","","6"
"2022-12","七股研究中心","","4.5"
"2022-11","七股研究中心","","8"
"2022-10","七股研究中心","","6"
"2022-09","七股研究中心","*","11.5"
"2022-08","七股研究中心","","181.5"
"2022-07","七股研究中心","","167.5"
"2022-06","七股研究中心","","105.5"
"2022-05","七股研究中心","","285"
"2022-04","七股研究中心","","42.5"
"2022-03","七股研究中心","","46"
"2022-02","七股研究中心","","86.5"
"2022-01","七股研究中心","","46.5"
"2021-12","七股研究中心","","25.5"
"2021-11","七股研究中心","","14.5"
"2021-10","七股研究中心","","21.5"
"2021-09","七股研究中心","","50"
"2021-08","七股研究中心","","553.5"
"2021-07","七股研究中心","","303.5"
"2021-06","七股研究中心","","410"
"2021-05","七股研究中心","","61"
"2021-04","七股研究中心","","26"
"2017-12","台東班鳩分場","*","4.5"
"2017-11","台東班鳩分場","","32"
"2017-10","台東班鳩分場","","789.5"
"2017-09","台東班鳩分場","","114"
"2017-08","台東班鳩分場","","223.5"
"2017-07","台東班鳩分場","","250.5"
"2017-06","台東班鳩分場","","172.5"
"2017-05","台東班鳩分場","*","180"
"2017-04","台東班鳩分場","","124.5"
"2017-03","台東班鳩分場","","46.5"
"2017-02","台東班鳩分場","*","12"
"2017-01","台東班鳩分場","*","5"
"2016-12","台東班鳩分場","*","19"
"2016-11","台東班鳩分場","","153.5"
"2016-10","台東班鳩分場","","1132"
"2016-09","台東班鳩分場","*","1060.5"
"2016-08","台東班鳩分場","","XXX"
"2016-07","台東班鳩分場","","164.5"
"2016-06","台東班鳩分場","","57"
"2016-05","台東班鳩分場","","85"
"2016-04","台東班鳩分場","","71"
"2016-03","台東班鳩分場","","24.5"
"2016-02","台東班鳩分場","","24.5"
"2016-01","台東班鳩分場","","129.5"

